nombre,numero
Adolfo_Borrero,12
ilo,79
UNRISD,42
juanfercs,9
UN,109
Edu_Ambiental,82
Eduardo_Bezares,5
VALOSRSE1,13
AllianzGI_Esp,1
creofonte,1
Metanogenia,1
ceoetenerife,1
upvehu,12
uclm_es,9
fundacionorange,1
FundVodafone,1
Juanfradelgado,1
SSDPedomex,14
Spainsif,12
FIIAPP,18
OIT_ES,6
AcleMarcos,5
OIJ_DIGITAL,11
SEGIBdigital,35
EmpiezaxEducar,15
derecho_uam,1
GlobalGoalsUN,42
KattiOsorio,1
lgomez4,18
SergioLealVinte,1
cgonzalezmuzzio,1
PNUDRD,14
airdmedia,2
UKITRC,1
CNCPS_oficial,66
CProspectiva,24
BIDInvest,43
ISCOD_UGT,26
DefendamosPaz,1
Mireia_Gargallo,1
CityScientists,3
RegMurciaBrux,9
EU_CoR,5
Ineco_es,12
ZERCAYLEJOS,16
UIMP,45
EdgarSalas01,1
GSGimpinv,5
CisUnl,11
AjuntAlcasser,1
sedavicomunica,1
EAPNes,17
iagobueno,9
pabloparola,8
DNP_Colombia,23
AEXCID_,7
el_pais,15
ODSTerritorioEc,41
Consum,3
INPCEcuador,25
SeaflowerOrg,1
Columbia,2
Valencia_EC,3
CorteIngles,1
wbg2030,1
javiramossancha,13
Byzness_Zeta,2
MAPFRE,27
cibervoluntario,125
Dircom_CEOE,7
CTAndalucia,5
fundacionGSR,1
urjc,1
arledomaine,1
CosmoCaixa,3
ElkinVelasquezM,43
EducoSV,4
PabloDramis_RSE,2
youthlisboa21,1
globalcompact,26
rmcoopera,62
larepublica_pe,1
SistemaB,11
newlink,1
TooGoodToGo_ES,3
frodrigq,6
culturasviales,1
Enel_Chile,1
Cooper2030ods,4
ferdiazpacifico,13
SevillaPAC,1
menarini_es,4
HorasisOrg,6
ISTASCCOO,1
grupoLOBE,6
mherrera68,10
berecordero,1
RedViralEdomex,13
FAOSDGs,3
IesPSur,7
lolagb,4
ProsumidorSoc,5
nachocardero,6
elconfidencial,8
unizar,77
RevistaEkos,5
squerol1,8
heraldoes,2
IxmiCecyteh,79
AgenciaSust,32
AyaraCol,1
UNESCOgt,2
aytodeguadalupe,1
redintegrarse,1
cantabriaes,8
BBVA_Colombia,1
periodicoaragon,1
BBK_Behatokia,19
Hazloposible,4
MarisaGomezCres,7
ies_politecnico,2
iesheliopolis,2
InnovadorasTIC,1
GADMT04,3
bryan_caplan,1
Arboledasevilla,6
VOCES_CSocial,2
CentroLeonRD,1
EmbEspBelgica,1
antonigr,1
cantabria_emp,1
MMolineroE,9
gabsocialRD,8
ReforestamosMx,6
UPSMexico,1
ATTMx,1
lacasaqueahorra,1
UCAMCatedraRSC,7
giselledellamea,1
Cantabria_Rural,5
Andalucia_Rural,6
hazifundazioa,6
IpfPortal,1
menaiaretti,4
PauliePM24,3
impacthub,3
DelGobVG,56
clic_koala,9
oppuruguay,15
SilviaMorimoto,13
UNFPAColombia,32
inec,3
InfoHidralia,19
hans_ebeni,29
mmalfaro31,1
EmeterioOchoa,4
FundacionEndesa,5
SomosSocya,2
peaksbusiness,3
puntosigre,23
portdebarcelona,1
socyedu,4
AMBACMEXICO,11
DiegoBastidasY,3
Fundacion_PyE,9
FBertelsmann,4
CaixaForum,8
AngelesSolanes,3
Vivirsinplastic,1
presidenteCSCAE,2
jmsanzgu,2
Xavier_MF,3
Planeta_Futuro,25
GeBragaOrillard,1
cluchini,1
mdepaladella,2
dmeijide,16
a_alonsonunez,40
mirkovlahovic,1
jcarlosgonz,15
ALCsinhambre,2
FMInoticias,2
earthinstitute,1
Ecuadorencifras,38
Colegiocaminos,1
Empleadas_hogar,3
chilevision,1
mvillacist,7
CentroinnovaUC,2
Buen_Comienzo,1
dfcspain,17
Caf,1
AECID_es,28
gibranrr,5
aulaenergia,5
DOMINGOMARTIN2,5
Info_ecoforest,2
OECD_Centre,3
casamerica,2
clusaga,1
_Opagac,13
UNHabitatSpain,5
GAgroamb,3
ed_Creativo,2
EUROFIRMS,6
AjuntamentVLC,12
fresno_es,5
BancoMundialLAC,6
MIC_RD,4
InkaMattila,7
nicolasgandini,1
unicefpanama,1
CesrNunez,1
FIAPAS,3
AMGNMx,1
HectorYepezM,2
CifalM,3
Ana_Scherman,1
CepymeNews,20
cepyme_,19
helsinkiespana,1
AJECLM,1
Abogacia_es,31
EkoREC_eus,2
RBHGlobal,4
marcosgonzalezm,27
incatema,2
CITIX_ES,5
TCiudadana_UPV,5
CleanEnergy_ESB,4
antonioguterres,9
bahijjah,2
RicarTruji,1
cartiga_global,6
Blanquerna,1
URosarioRadio,1
UNFPAElSalvador,1
YokastaGuzman,1
Apedeorg,2
JesusTolmo,4
TERRAenVISION,1
UV_EG,1
CubaMES,1
BPalLlo,1
BeatrizCerdan,3
Pilarfgil,2
egap_xunta,8
uniovi_info,1
IHCantabria,2
cristina_REPM,2
SpecialistsES,2
asiet_lat,8
MuseoMyT,4
UTECuy,11
INEI_oficial,1
RocioMorenoGBS,1
A_Encinas_R,2
FernandoReimers,14
FLACJ_Oficial,2
IOMLHD,4
crecyl,1
uclg_cisdp,6
AlternaImpact,2
opds_gba,4
MurciaFest,40
FCiudadania,2
orange_es,1
AcapulcoGob,1
qromunicipio,1
econocimientoam,2
UdeCEsHoraDe,3
TVN,1
JackieUdeC,1
loreal_es,2
Manta2030,1
DialogosHambre0,3
CulturaRM_,1
MurciaAcoge,6
intendenciacl,2
pangelicaperaza,1
crespial,2
dtruran,1
BCorpSpain,2
ibercaja,4
mcampobernal,2
cecivs,6
FNR_Uruguay,1
apalaciosrubio,1
AnaMedinaUpo,1
ramonsuarez_,3
MIAMBIENTE_HN,17
PNUDHN,9
UNDESA,4
sekalboran,5
sekatlantico,5
laruecaas,5
SilviaFe,1
MurciaFestTicks,8
Dawamoru,1
IPascualMadoz,1
sgcity50,5
Ener3Dmap,2
BManriqueLara,2
asociacionASA,6
horaplanetacr,1
ingdanielpizzi,1
MuniChivilcoy,3
HolaLuzcom,1
ikermontes1,1
Mnahuelmunoz,6
JGoldschtein,6
EstudiosdePaz,5
ICLEI_SAMS,5
CarmenLigiaV,1
Supertransporte,1
PartidoLiberal4,1
carmencampos_,3
LuisHerrera2908,1
HeryckRangel,1
WilmerVasquezM,1
vcano75,1
febab,1
ABU_Uruguay,1
CRIFAcacias,14
PNUDGuatemala,1
CatUnescoSos,10
SubseDDHH,9
UTU_Uruguay,1
juanfcalero,3
NoticiasNavarra,1
flaviafrei,32
BeticaMunozPogo,23
ErikaSaraiVzqu1,6
aliciaselles,6
Animalsound,4
fluesia,1
aeropuerteruel,5
fran__san,1
quironsalud,1
_PaulaaPerez,1
SilviaF05973954,2
Telefonica_Col,7
EcuavisaInforma,1
RSQuito,1
FedericoKopta,1
ODSAUCA,3
Edu_FdP,1
FundacionBD,2
PAtlantida,1
FaculEDUAM,1
CCADSICA,1
eduardomurat,1
MaiderUnicef,5
PNUD_ALGenera,1
JkDeGa,1
librolecturagob,3
ineverycrea,5
HarmaninChile,2
sebastian_gray,2
PaolaTapiaSalas,2
tomasechiburu,2
ModernizacionAR,1
BPIEivissa,1
AECIDElSalvador,1
ieee_mhidalgo,2
everis_latam,2
HubTec_Chile,1
paulafigols,3
maria_ariza,3
FEPEX_EU,1
helen_access,3
Ashoka,1
Esode,2
MaratonCuentosG,3
MinfinGT,2
elsistema,13
ACPUAAragon,3
Bayertecuida,2
gemabrung,1
Auladelestrecho,2
expansioncom,5
Noti7Guatemala,2
FonaturMX,1
STP_Paraguay,5
codexguatemala1,1
WalterMartello,1
verarex,2
AECIDPeru,1
AEISinnovacion,5
Perez_Agenjo,2
fempcomunica,2
AgroSinF,1
ale_paganini,1
UnescoYouthKe,1
GDCEnDeporte,1
LUCA_D3,17
fundacionTef,12
aytoBCM,5
AytoLeganes,3
ACCIONA_CL,19
LaPazAlcaldia,1
mjbautistac,5
rchavarri,1
Pcasbri,4
Cienciamento,14
SIPINNA_MX,1
GoogazBizkaia,5
uicn,1
saludesferaTW,1
LJarava,1
MutuaAbogacia,4
JavierOubina,2
MaximoJuanPG,2
CambiarCrecer,2
LifeIntemares,1
pacaespil,8
FEYACoficial,1
elie_luna,1
Sumaksamya,1
abc_es,6
SENADI_Ecuador,1
Mineducacion,1
ies_luisvives,1
IntendenciaRM,1
Dsocial_RM,1
slondonouribe,11
jesusanibale,11
piedadrestrepor,2
ClubMKRioja,2
maribelvicario,2
FrancescPedroED,6
3500M,4
corferias,3
Lavola1981,1
arturojimena,1
EnelGroup,2
santiagolvarez,1
ndelviso,1
municipalidadlr,3
Eleccion_USA,1
Peru_2021,1
MarcosJofr2,1
NormaPensado,7
ciudadesODS,5
emoctezumab,1
_Angel_Roman,1
Graiman_EC,3
cultuciudadania,3
medicina_udea,2
soto_jimmy,1
InesArrimadas,4
Isabel_Butron_M,3
Oficemen,1
CNT_EC,3
Aiqbe30,3
Albersanpa,1
MMS_Cantabria,1
BottinoG,1
ItzelCheca,7
WayraMexico,6
clarincom,1
RJaureguiA,1
Lacolumbeta,1
felicezaccheo,1
oscarlopeztwit,8
asempal,2
grupopuma,6
JosueFiallo,1
LaniAnaya,2
lhmastran,1
JCPaez71,1
AngieGPizarro,3
joyleban,1
OsirisLunaMeza,2
cavilesp,3
eac_ucv,2
Epson_ES,5
MIDEPLAN_CR,3
gpssenado,1
FundAcavall,1
oceanpanel,1
erna_solberg,1
SanzCobena,1
CatedraComEx,2
qcom_es,2
as_uco,6
Univcordoba,7
fecamur,1
BCorporation,1
SecAmbyCC,1
Juancarlosblanc,1
oeg_upm,7
CCiudadanaEs,4
FundDelValle,1
colegioBMAJesus,1
UnedEconomicas,1
porsiete,1
AsocMSMAD,3
redrunacional,5
Ayto_Sevilla,1
UCV_Noticias,1
DiariodeCA,1
El_Oriente,5
PNUDPARAGUAY,10
ESICEducation,1
Cepsa_ES,1
GoberCaldas,4
EUBIC,1
getupandgoalsES,1
Belenvq,7
JVLpez,8
EcoAndina,1
ruthcarrasco,1
Silvia_GarzaG,6
UNAM_MX,7
catsostenible,1
pilaralvarezm,1
QuieroCasa,1
GCF_News,1
marriamor,4
CDeEconomia,6
cousunam,1
RSCresponsable,1
TooGoodToGo_NL,1
JorgeFaibre,3
UIPBAJovenes,1
pmklose,7
PwC_Spain,2
naiderupdate,1
polisea,2
iegUC3M,1
B4ATools,3
unisevilla,1
MariaGomezRguez,14
luichigadea,7
xprize,1
emilymusilchrch,1
ActuaBierzo,2
youth4gg,1
Monvalca71,1
ESMARTCITY_ES,1
LuisEAlfaroM,1
CyActua,1
actua_leon,1
IzAb_Leon,1
IreneMelchorL,1
MaterialCultura,1
Eurochile_,1
vrodac,1
Corcivicaldas,1
Nebrija,1
CIRIEC_Esp,44
fescancantabria,2
sellofairtrade,40
Metropoliscomu,9
FundacionETNOR,7
ONU_es,329
InsidePMI,30
labvinas,5
aeioLuz,12
OAS_official,4
SandraMArevaloA,1
Heineken_ESCorp,10
CeciliaGuemes,1
contacteando,2
beambif,61
cristinagallach,150
GVAinvattur,1
ArrabalAID,3
logan4105,1
NaturayCultura2,13
empleogob,26
guzmanhennessey,4
FundacionVarkey,5
Laboratoriorg,14
cinemoviltoto,2
TelefonicaEC,8
MovistarEC,4
Senniaf,44
ODSColombia,12
kari_blanco8a,15
giz_gmbh,16
CentroOds,306
mop_chile,1
PNUDEcuador,59
INICIAOficial,10
joazcurrain,8
pnud,90
anisandel,7
Elizita,3
CONUEE_mx,10
alejandromurat,15
ONUMX,40
ScaniaArgentina,2
AniluIngram,20
PnudColombia,43
barcelonactiva,4
AlQuintanilla,3
NuevosRetosEA,7
IPPDHMERCOSUR,3
AytoBenaguasil,1
AjuntMassanassa,1
Teresaribera,11
CruzRojaCorrHen,5
EAPNEXTREMADURA,1
ADEX_PERU,4
pablojmoses,1
Primavera_Sound,4
pullandbear,3
DanoneNA,2
TadeoGZ,1
UA_Universitat,3
FintechIberoAme,1
UniJaveriana,5
AshokaSpain,1
Cecivillarroel,1
risierra88,3
ADB_HQ,1
anamilenasilvav,3
s,15
AEF_fundaciones,16
tonyvives,59
CruzRojaMadrid,23
DG_TAESYRSE,3
CruzRojaCordoba,12
MRE_Bolivia,1
RGrynspan,36
PNUDUruguay,9
ConstruyendoyC,16
ImpactHubMAD,19
akatonyab,4
UnionEspazocoop,7
MichMuschett,9
IsabelStMalo,20
gablozano,1
clauavruj,5
Lean_Arreagada,1
IdentidadCcs,2
grupo_sifu,5
AndyStalman,1
LZamarriego,1
XavierMarcet,1
bancalimentos,4
secgeneralcba,42
gobdecordoba,13
ciriecaa,1
mriost,29
PNUDLAC,13
Socialdinapp,4
AlbertoCasado8,2
Energia_Ar,12
itdupm,16
Harvard,6
RebeFarpon,4
UNESCO_es,19
Expok,19
mcazco,1
Mondalayla,1
FURAmx,1
hermanmartinezg,1
Amigosprm,1
gramontani,32
pactoglobalpy,13
UCCI_SG,8
MediaLabUGR,8
galo_valarezo,1
AntonioRodriBae,6
TigoParaguay,2
EDCsFree,3
LuisMi_Jurado,1
vmva1950,29
BHDLeon,7
LoyolaAnd,24
CamagroGuate,2
MargaritaDucci,8
ODSChile,1
AdeccoChile,18
uc3m,32
regiondemurcia,19
MinariaSostible,1
DongyuQu,2
FAOEspana,4
Macuarmisen,3
CenacedAC,9
GlobalShapersMV,1
ndequeiros,9
CaroMachado13,5
NATSAL21,1
Asun_Martinez1,12
GabrielaPastorT,1
gemvent,5
Isabelbombal1,6
ProntoUy,8
AstridCarranza,1
COAMSS_OPAMSS,9
Centro_Regional,1
TECHOecu,2
VMLYR,1
Cannes_Lions,1
MGalardon,3
IgnacioPorroche,2
UnLtdSpain,10
dsocial_gob,6
colsangregorio,2
CantabriaONGD,4
ParcSama,4
eleonpalmero,1
CanalOnceTV,9
EzquerraIrene,2
claraarpa,7
AgoraAbierta,4
JOHNSCADE,9
SmartAgriFoodSu,2
harvardiop,1
CGGalapagos,3
blissrecycling,1
Antalis_Iberia,6
coleccionsonora,1
icare_chile,9
observafiscalcl,2
GrupoFARO,18
UnileverChile,1
Excelencia_Comp,8
monibrivera,6
srgalvarez,9
Canaragua,1
rlopezsm,2
NicolasMaduro,1
SajaNansa,1
CEDREAC,7
TRSA_rrhh,3
mmendizabal1,1
bifzag,8
CISS_org,6
CDOverde,8
ggraymolina,2
aldeassosSV,1
SocialabMx,1
reamsurca,1
PaseoBuenPastor,6
PelayoBezanilla,2
sandraxab,1
tanmarti,3
StephWRF,1
jmcaballol,6
MDiosR,4
cfiemiranda,3
FrayPedroUrbina,7
OlgaDueas2,4
eulacfoundation,3
FuturoEnComun,14
juveycamps,1
MEFPANAMA,1
Robeco,1
Socialab_com,1
fpaniaguaocr,1
fmujeres,7
quintaporrua,1
CETAQUA,5
SDGaction,26
julitarinaldi,1
alfonso_saltos,2
ahuertasmejias,21
Any_Solution,1
Vevichi,5
Aguasvira,2
Francescorocca,2
further_es,2
JOVESOLIDES,9
uvggt,4
DMatamala,1
Together_2030,3
ICDA_UCC,25
RedAlimentos,1
CANAL_13C,2
hacesfalta,8
OECD,6
CSD_AEIP,1
RemolacHackLAB,1
ZGZActiva,1
TeletonMexico,1
pablomartin78,6
SomosQuiero,17
missylolahuetem,3
INAPESCAmx,2
EmpresAbility,2
MediosTec21_Vva,8
jessicayoung05,1
LSEMiddleEast,5
CruzRojaMurcia,9
PwC_UK,1
Carlo_Angelesm,1
SandraLpezVergs,15
sggranda,1
IAENUniversidad,1
Lenin,2
tanuniversal,1
ceciliaBritto1,7
TransfoMX,2
FundacionLomas,1
AjinEspanol,2
AlmaGreenDesig1,3
ONGDSED,22
Isabelssouza,3
fiiSorg,2
platdeinfancia,19
mdserrat,1
m_martinflores,2
nedgia,1
Alberto_Guijarr,19
18rodpf,7
elindepcom,1
gentequebrilla,1
SinCorbataTVN,4
movand60,4
UNICEF,1
gamaldonadov,1
FundacionICO,13
BancoMundial,5
usa_tu_poder,8
rosa_m_asencio,1
SilviaCFerreyra,1
kasmexiko,2
LoloViMu,1
AlianzaOds,6
DefensoriaCABA,4
Maquita_Cjusto,12
opsomsuruguay,1
cbajo,1
Artangulo,12
Chema_Vera,23
UAGroVerde,18
PabloRiRoRu,1
anasanben,1
MJoseCarracedo,1
VeeduriaBogota,1
vox_es,1
MinamPeru,1
SPEGC,2
forgender,4
GobOax,39
Muni_Recoleta,2
dolium_bod_subt,1
2019_wsj,1
grupo_ssi,1
JavierBenayas,2
RED,1
scottishwater,1
javimoralruiz,3
MaryRuiz_es,4
NativeScientis1,1
BarriosSosteni,2
TheBodyShopSP,1
VolCorporativo,1
mariajocano,1
MariuMartini_,1
prensa_libre,3
Fedesarrollo,1
rpemovimiento,9
bcnchile,1
CruzRojaZgz,1
AIM2Flourish,1
RSanSalvador,3
DERES_RSE,14
AdviceRRHH,2
AytoAlbacete,1
rrocasalamero,1
GrupoLiberty_es,3
LaClau,23
RossDom05,23
juri_marcelo,3
aragonpsoe,1
sedebubo,1
ruiz_gaitan,4
zaragoza_es,13
LaFuraDelsBaus,1
FRubioTorgler,4
danielsan18579,1
ONUecuador,2
dimeloconletras,1
versuserwin,1
PufEric,2
ecovivir,1
leadimage,1
PaiisUniandes,5
ACBJ_RADIO,2
UNDPbiofin,1
CPatinegro,20
ccuestagarrido,1
ReginaRanieri1,1
deportes_unizar,8
JuanCaMunozA,2
PracticaOds,2
carotbo,5
PladesFrutillar,2
Acontraelhambre,4
martaisabelg,1
ftomillo,1
es_INE,28
_minecogob,20
gerard0garcia,1
Seplan_yucatan,16
UNIDO,7
maricruz_Sc,4
caritovegas,1
pedrolisbona,1
ddambientalPUCV,1
UNEDMadrid,4
AnaliaPastran,5
IKEASpain,1
HeraldoEscolar,12
IlunkaES,2
Banobras_mx,3
Muni_Stgo,2
EspanaPacto,1
IBERO_mx,1
UN_SDG,1
ESSForumIntl,1
CEFIREambitCTEM,2
bibillescas,2
FCSJ_UC3M,2
MJCastiella,2
BelenCardonaRub,15
EspNaturalesMur,1
Salvador,7
ETSAMadrid,1
UdL_info,1
ALLCOT_noticias,17
mostdesarrollo,1
mejorsociedad,2
AguasdeLeon,2
unesco_iesalc,2
TierraMadrid,4
emivicentegonza,7
Caballodetroyq,1
AnabelAlonso_of,1
guchachi,1
Kernpharma,5
marialazaro,1
verdesdigitales,1
isostandards,5
BioHogarGlobal,1
MabelTraberg,7
LidiaBenitez96,1
AsunSEO,30
jonparod,3
WWF_Mexico,1
CRAlicante,2
CR_EibarErmua,1
GeDuRom,1
suromig,2
LolaOrtizSanch2,2
Patxietxea,3
SamsungEspana,5
AySA_Oficial,6
Vicmunro,1
noticiasquilmes,5
kdartigues,1
GrupoNewsanUSH,3
msjcim,1
nodesperdicio,6
AgenciadeSE,1
YeyiChocair,1
Beatrizrave,11
dany_matu,1
Estamos_Listas,1
CAPoliticoEAFIT,1
lectoribus,1
aconcejo,1
MUNICIPIUMtwitt,3
Accem_ong,3
UAM_Ediciones,2
alemilanesi83,2
ANCONOrg,2
Mlopezvi,5
OngawaUni,1
zuletajuanca,2
vikyvilarino,4
CaixaCiencia,1
chemplastexpo,1
EJCovian,3
praecyl,1
andgastrotur,1
fundaciontds,1
Natiruizg,3
DemsAbroadES,4
sinerxiaconsult,8
NurietaAlvarez,3
eherrerog,1
4decidi2,1
ErdeGEA,15
johaharker,1
JM_Yturralde,7
machinebone,2
CINUBogota,1
margamiel,2
JoseFarhatok,11
CementosArgos,1
LoyolaExecutive,21
cemmalaga,9
SomosGIG,3
silvihabib,2
Huila_Stereo,2
cmazabel,1
carloscantep,1
elreparaz,9
ClarCahill,1
participate,1
UNDP_ART,17
EvaPiera_Madrid,6
DiegoCoronelMDZ,4
titodelafuente,1
BASalud,1
GuilleLobo,1
malaga,14
Pcaceres_,3
renzo32gonzalez,1
MACBA_Barcelona,3
DiegoIsabel1,2
Instituto_IPS,1
Carlos_GPerujo,1
CatedraHidralia,1
brmu,1
LopezMirasF,1
LAB_Ecoinnova,1
vodafone_es,1
AnsemacAND,5
ekifundacion,1
cruzrojalcorcon,1
CircularProject,16
mirnayonis,7
UniversidadEan,1
adonisabud,1
IpsenGroup,1
Angel_M_Sanchez,2
GUNi_net,1
CambiemosMolina,5
Fenoge1,1
NLagroEspana,12
INMdeColombia,1
egase,2
EvaluaALC,3
DOrtizLlargues,6
CELlogistica,3
ANDIGRAFCol,1
RAQUELGCH,1
fgcabezadevaca,1
hogaresverdes_o,9
alvizlo,9
mariskaschaap,8
ferlade,1
Chiesi_es,3
raqueldfa,16
SpotlightAmLat,3
CarlaMuirragui,7
NoticiasVicky,2
OroNoticias,2
SEMARNAT_mx,1
Conabio,1
CONAFOR,1
Luciavwesterla,4
Proyecto_Brisa,3
Colliaalejandro,5
unicef_eus,1
AFD_es,1
CanalMalagaRTV,1
BASF_ES,2
Tecniberia,1
jefferyjbutler,1
UtopiasEduca,2
UNFPA_Ve,1
AlCantero,1
ElPrincipitoTW,1
miosotisr,2
JuristasThemis,5
RicardoGarzonT,5
minturvenezuela,1
grupoSancorSeg,1
EcuAgroalimenta,1
InnovArauco,4
_aeress_,5
aidabooks,2
DACchairOECD,12
Coeplan_,1
MerchePozo,2
stri_panama,1
egrygl,2
adriana_conconi,6
cecytehtulanvin,1
sheedopaper,1
sebacampanario,1
FaridHannan,1
diegosrdz,1
IICAnews,1
IISUNAM,1
UIPBA,2
ficmec,1
PopNoj,1
grupobaratz,1
BBK_eus,8
fortalecersemdp,2
Rociodmsp,1
m3nyug,4
JCITucuman,1
huchilora,1
Oxfam_Guatemala,1
FedEconEd,1
CarlotaMerchn,1
EU_IPO,4
Eugenia_Aq,3
FUNDAHRSE_,1
prensacom,1
katun2032,4
annaterronc,1
ColegioRomareda,1
cecale_cyl,1
TriCiclosB,1
EnriquePenalosa,1
LoliRicoG,17
ginariano,6
Plataforma3sect,6
ACCIONA,27
DircomCAN,19
CIO_COMPANY,18
R4SGroup,1
UNLEASHlab,5
Agenda2030Esp,579
FMayorZaragoza,14
pactoglobalARG,13
Fundacion_ONCE,14
CREAndalucia,36
GEAccounting,8
deusto,18
redespanola,17
matejcre,11
MariaErquiaga,1
estebandemanuel,5
HOSBEConline,1
Cermi_Estatal,11
cemad_es,11
MaxTrejo,6
Techo,6
MorillaBeatriz,10
CompromisoRSE,10
AsincaCanarias,6
mjguardiola1974,1
Mercadona,6
GESForum,5
itaipuparaguay,11
arends_hel,15
MDLZ,1
INACpanama,2
PNUDArgentina,69
VINTEMX,1
ONUHabitatMex,25
889Noticias,1
PARLASUR,106
ObservacomU,16
ComisionODSRD,2
UNOPS_es,8
MIDES_PANAMA,19
bibliodonihue,16
upsa,2
LillyES,2
reverdeconcausa,39
julian_dangelo,23
schon70,1
carosantosR,3
SEAvanceDigital,3
guillibrand,1
Entreculturas,6
IRSLaRioja,16
circulareconomy,3
sagulpa,1
Transcendent_es,1
MIC_PY,1
mjmolram,10
OxfamIntermon,33
patrimonio_cl,3
ONUMedioAmb,28
UNICEFCyL,25
senacyt,5
jesquiga,3
amnistiaespana,7
pacoduranona,1
envirall,6
EmbMexJapon,2
CruzRojaGranada,6
Funddateces,16
SmartTalentUY,1
infuy,1
Ethic_,62
RotaractSai,1
juanicoha,6
AsocDIRSE,6
encardc,1
AmigosTic,2
infoautonomos,3
JelenRuiz,5
EP_Social,4
diarioresponsab,23
Javinadal,2
UECoE3,49
eldiarioes,4
stevenstrogatz,1
WorldGovSummit,4
OECDEduSkills,4
GrupoAmavir,3
ConueeSolar,1
FAOPERU,1
TL_Abigail,3
DPNArgentina,16
IEPS_Ec,3
Damaezcurra,6
VivamosVL,1
Ps_Digitales,84
ONGDhmasd,2
elcasopablo,2
ONUArgentina,45
21gramos_net,1
AcnuUnaCuba,8
CACteinforma,2
VistageARG,1
fesabid,1
fundcolunga,30
AcercaRedes,12
forokoop,10
AngeldeProton,1
CarolAlvarezMB,4
YouthToLead1,5
GrupoCosentino,7
julioandrade_ru,18
iroser_RSE,3
FundacionECOTIC,1
FonresSA,1
UNODC_MX,1
uocra,1
FJ_Merida,2
LaVanguardia,1
adrianapmunozr,3
5diasPY,4
sdsnyouthmx,4
UEenParaguay,2
SaritaR05,6
Coopsdetrabajo,15
cesarlitardo,8
lorenag_mx,1
Con_Creci,2
anaherreroher,8
CEOEAragon,9
clg_chile,1
SMNARANCOAV,1
CODESPA,6
eusumogal,3
SalesianosSTRD,2
IgualdadyRSU_UC,7
soziableES,4
WorldRuralForum,2
PasionxLaBocha,32
CNPC_MX,5
SEDENAmx,5
Turespana_,3
TurismoEspGob,2
dragoneslvpies,4
DyConsultores,6
IDIAP_PA,1
REDestatalAPS,1
segurosrga,1
PilarBernado,2
UNICEFuruguay,2
SGIRPC_CDMX,1
ruthernan,18
SCElSalvador,1
MaitenaVega_,1
PaMeLaEunIcE,1
PaulEDawson,2
INNOVATALK1,1
dominiquereyesk,3
CaminosDivulga,69
fundacionfade,11
YouTube,6
rielcano,1
begoaPastor,1
ASIT_SV,3
TSWPachuca,1
vicpazm,8
Corfo,19
ivanojedapy,12
F_JaramilloG,1
EstherBonillaM,10
metrodemedellin,3
UNV_ROLAC,1
aordas,10
AnelisMarichal,4
oinarrisgr,4
AleArratiaM,18
UdeLaHabana,1
elimperdible_es,4
sbibliotecario,3
FMusol,14
microempresas,1
Juanicolas_in,14
dcaraban,6
Catedra_RSC,2
juanluissotoadd,2
coops,6
AcademiadelaInd,1
planificable,2
Produccion_Ecu,1
RArtaviaL,5
coplan_coplade,9
AlanAlguacil,3
ACNURspain,4
TrabHumanitario,1
mahou_es,1
is2030,3
DANE_Colombia,10
Eco_DelCuidado,3
normanwray,1
GEF_SGP,2
LuisJulianSalas,1
FET_Telde,2
AsambleaVE,6
jguaido,1
ManuCanelas,4
UNODC,1
WWFespana,14
cristinagarmend,10
madrid2day,2
OpenExpoEurope,6
ApesSocial,1
CoordiONGD,16
DGobiernoCV,17
avanzasostenibl,2
LaEBC,5
ProyectoCantera,4
unrefresco,2
KPizarnik,67
ProSoliRD,1
beatrizbecerrab,1
PedroAzpiazu,1
BIDtransporte,1
fecoreva,12
Luis_Fierro_Eco,1
StefaniaMarcone,1
asambleapa,1
RedJovenVzla,2
SeamusPFinn,1
RobecoSAM,1
UCPy,1
GoogleES,2
ULL,3
jgarcia_javier,10
COPROFAM,1
am_guijarro,1
agenda2030,10
Chapiescarlata,1
jlruizdemunain,2
BogaProyecto,4
ConstruccionFcc,17
ongawa4d,6
abcdesevilla,1
a_coronado_m,2
diasporadas,9
Doctor1DOC3,2
MX_2030,1
PrefecturaEsme,1
CubaMINREX,1
NECHIGROUP,2
CIDE_MX,12
TIME,13
Migueldiezsanjo,2
GGGICol,12
SunshineJaz,6
DGRVMexico,1
ONUElSalvador,4
CooperacionESP,17
Juan_Pajares,1
unglobalcompact,1
santimalvicino,8
MinInteriorAR,12
1A_Ingenieros,1
ProyectoSeda,1
ricardofortuoso,1
plena,5
SpecialistBr,3
EmbajadaEcuMEX,1
SoyCoparmex,1
Magisnet,15
LACEMOS_LAC,2
ombudsmanorgmx,4
CSIC,9
benavides_marta,1
OlgaMancilla4,1
CONGDCyL,2
petarostojic,6
feproami,1
Correos,4
CajaCanarias,1
AstiFoundation,3
neusportas,4
grupocrsur,1
iAgua,15
alemitta,7
USAmbSV,3
Uniandes,3
CCTHADER,10
Fundacion_SERES,25
rrll_y,5
JPLarenas,1
Nathavelasquez1,1
madridforo,5
RMonfasani,1
MaPaulinaP,4
NadaNosDetiene,2
BosquealegreMdp,5
kettererjuan,2
Cris_Duque_A,1
ecogallego,1
sebastiansichel,2
MSPUruguay,1
adelamar,1
ETSIDI_UPM,2
glendadimuro,1
kubuka_mxe,14
jcdelolmowwf,2
CENER_Energia,2
AgendaCAF,4
RMauricioValdes,2
Trafic_Latam,2
ESADE,6
EducacionSEO,8
German_Espinosa,38
BrezoSintes,14
MartinKerchner,2
LADANI_C,1
IA_Mujer,3
jhergony,3
StaMMicaela,2
CLANDEBICHOS,3
3CSCAMBIOS,1
y_uribe,1
IB3televisio,3
EducacionAR,7
CACPECOec,3
DefensoriaCol,7
paulo_cepeda,1
Pizzolante,3
srestrep,1
UcabGuayana,7
FacultadUes,1
crfger,1
EcoMineriaVE,2
CarylBertho,1
cbpAtacama,1
luis_vano,4
uvigo,1
FJavier_Murillo,8
AnaPilar_MR,3
BCNecologia,1
udem,1
FicoGutierrez,2
MinjuDDHH,9
ednicaiap,1
_CEPAZ,17
arelyfeminista,23
amasiain,3
CruzRojaProvTfe,4
conquitouio,3
TeresaArboleda,1
senadomexicano,9
SVoice2030,3
EmbCanPanama,5
creavila,3
AytoCandelaria,2
j_manso,1
LaderasBusters,1
CCAMLR1,1
RepDigitalDO,1
Areandina,1
Mafer_TorresR,3
Muni_provi,2
IMPLANPuebla,31
claudifortuna,1
Anesvad,10
racorreaj,29
davizescobar,3
CERTFOR,2
CRECantabria,4
PielagosDeporte,1
AUARA_H2O,3
EscuelaIdeo,4
fundacionMMAC,2
IPBES,18
luis_ods,5
Radio_Orihuela,9
hugogam,2
aortizgalan,6
Disability_SE,1
SCamposBID,1
RadioUNAM,1
maristasguada,3
EINAunizar,5
Give_Directly,1
rizzo_paula,1
FCTAlgeciras,1
dangelonico,2
TizadoJavier,1
ECU911_,39
UJIuniversitat,1
interbank,7
PaolaPabonC,72
PeruECpe,1
ceinaseg,5
clarkemodet,1
ocdeenespanol,1
alvarogdepablo,3
COTSclm,7
MuseeLouvre,1
CTIFMadridSur,3
otsrural,19
RosaMCanton,1
covestro,1
PascalCagni,1
UnicajaBanco,24
vascoverde,5
VNUMexico,5
AlonsoXL,1
padlet,6
SylviaEarle,1
lacolladocueto,1
palomapu,5
SaionaraKR,3
ColeLosOlivos,2
serycoin,3
FSustentable,9
UNDPGeneva,1
JaimeCuartas,1
Comfama,1
cooperaongd,1
Lecturas24H,1
lanave,4
EuropeanSDWeek,3
VRBartolome,1
FuhemEcosocial,1
vegaclara,3
immaperez,1
AnaCallolGarcia,1
feducaci_alcoi,5
Greenalia_es,1
HNtransparencia,4
WomenDeliver,2
CAAF_FCAR,2
aleadershiporg,2
aguasdelorca,2
elmercadodelsol,2
PazQuerida,9
ucm_manizales,3
NovartisSpain,1
opsargentina,2
diegosantilli,1
Telefonica,8
SincroAsesores,6
KPMG_ES,2
AstraZenecaES,1
Zafrainvestiga,1
solvay_ES,1
UGTForestales,19
FMKTSevilla,1
RadioViajera,1
viceUPOE3,6
embacuba_repdom,3
ClaudiaMBetancu,1
Urban_Zen,1
MlCrayon,1
UmCarrasco,13
SwedeninChile,1
ferreyrawalter6,1
gestarservice,1
LetiPaulizzi,2
alemo781,2
AlbertoRNogal,2
FundacionAON,1
CentroMMolina,1
utn,3
gitanos_org_CYL,2
bibIM,1
ANDEUruguay,1
BorealVenture,1
Camarabaq,9
esclerosiseme,7
daiesco,4
icandfc,1
CantEliseo,1
KLM_ES,2
JuanEspadasSVQ,1
guillaumechiro3,1
AranoJoseba,2
SomosSANNAS,1
clubcalidadcom,1
IEducativa_UPM,1
Borges_es,1
CapitanFoton,1
Cenpromype_sica,3
cardiosoto,2
lacentralec,1
WPSP_IAPH,7
Corpocaldas,4
quepatechucho,3
patri24cazorla,5
GSMALatam,3
marisolgruiz,2
INCIBE,10
TaisGadeaLara,2
ClubEMASMurcia,1
Empresarioszgz,1
ReaseChile,3
Tu_IMSS,1
UATAEPGalvan,2
cancilleriasv,2
begonapintado,2
KilianCD,2
megustamimerca,2
danifrass,2
UEmbPy,2
edna_guidi,3
mercedescapitas,1
StaCruz_Mislata,1
BBVAworld,1
CeipMelquiades,3
PlanClimaCity,1
diariolaopinion,3
bibliocampusMTY,1
medcara,1
limcamar_es,1
UNICEFBalears,1
elenapisonero,2
cabezondepisu,1
europeanunion,1
joannavarro0,2
CicloDespierta,6
VdeV22449512,1
ForoNirvana,1
CoyoacanScouts,1
IzAb_CyL,1
jrolalla,1
GuatemalaGob,1
GemaEmpresarias,1
SOMEPUMANIZALES,1
PDPMCentro,1
elkinhernanha,1
Mariajaneth,1
CreaCulturaRsC,18
fjgonzalez_l,5
plenaextremadur,5
SsuperLe,6
fundacionyuste,48
ecodes,22
SusChemSpain,6
sanitas,1
deustoDBS,13
SEGITTUR,50
AMETIC_es,4
agdagira,1
pitirrojo,2
NAtutxa,4
BorjaDazRivilla,1
DowIberica,2
manueljesusF,9
elOrdenMundial,1
MINSA_Panama,27
PaulinaFrean,12
sfw_tweets,1
MuniPuertoctay,1
AmbitoChile,1
ferrovial_es,9
avvelasquez,1
planb_group,3
impact2030,12
FAO,34
cambioclimastop,16
MTESS_PY,5
infoaquara,17
mervatrishmawi,2
Nacionesunidas,2
eesostenibles,4
JosechuFT,18
IgnacioHenares,53
DircomSpain,12
Junta_Ex,1
UNLoficial,11
DCaggiani,13
32alvarogarcia,6
AyuntBenetusser,1
MvdFintechForum,29
lallaveazul,1
FCC_Group,8
hernanfrancook,6
ROCKWOOL_ES,7
rubencarricondo,20
ucomur,3
manupleguezuelo,12
CINUlima,9
SmartCityLATAM,3
ONUMujeresMX,146
CSinguilucan,96
SegarraSoledad,3
shakjed,1
Sociolidarios,12
BBVAMomentum,3
ValentinCarrera,24
llopisanna,1
mafsul,1
NicolasUribe,1
FGarciadeSola,3
AnaZambranafol,1
compromisoclima,8
JosepBorrellF,4
WWF,2
mvalerio_gu,1
VeroDelgadilloG,1
MineduPeru,4
Yasmany_GarciaR,12
WFP_Peru,1
CECyTEHidalgo,81
AbeluriaCoop,7
ophi_oxford,7
SocialabUy,13
FEACEM,3
MiEcosocialismo,16
NoticiasONU,2
France_UNESCO,1
Atlantic_Copper,5
EcoInventos,1
FerminQuinones,7
MINCOMCuba,8
RAriasD,8
CoLab_UC,47
ciberespiral,31
empleacantabria,6
EANAMaestrazgo,2
japedreno,2
heroes_urbanos,1
RedVisionJuve,5
Diegofuio,1
Proarbol_Col,51
La_network,7
duvides,1
latitudtaller,1
EduardoCarreonM,8
AxSolidaridad,8
_USIL,1
iesllanesevilla,6
iesisbilya,6
forociudadesmad,17
PrensaAreco,1
Water,1
DoceMiradas,1
FondoCanCoopera,5
ppelaezz,1
INAP_ES,22
UNESCOSantiago,3
OITSISTO,1
LaUnica945,1
juanroyoabenia,8
fund_adecco,29
comprometidosuy,1
Ecoitalia1,3
MonedaVaramedi,3
jlyzuel,1
gonzaloLadoA,2
los_ods,2
warxman,1
CruzRojaLP,2
AuditoriaAGN,2
ONU_derechos,2
VarelaDubra,1
MireiaPanisello,1
NUTRINACIONcom,4
ImperdibleCotec,96
readerasturias,6
SUST4IN,13
CEIPA_Ecuador,7
FAOfish,8
DGEECpy,20
Data4SDGs,7
GobAntioquia,4
_NicolasCruz,19
mobilitycity_,2
elisacm_18,8
ciudadania_i,1
carlos_hidalgo1,3
ALCNoticias_Esp,1
Reciaria,1
IDICT_Cuba,1
CMDMexico,21
unlp,11
INETetp,2
Deloitte_ES,5
Educacion2020,16
oikit,7
OEA_oficial,1
angelblancoes,4
nicvaliente,1
FuerzaDelPresen,1
novagob,8
GrupoSergioM,16
NormasUNE,24
SenpladesEc,13
asocgaraje,13
jsegura17,1
PepsiCo_ESP,3
aliciabarcena,1
UCAM,1
jalmagro,2
LuciaInigo_CDTI,2
LuisRuaACDC,1
makesenseMexico,2
opsoms,10
Ideboxperu,1
RogelioRivasSS,2
Marcoaperezruiz,1
intraemprend,3
juliuslaetus,15
BravoPuldain,5
SeResponsable,2
UNIVERSIDAD_PMA,4
BBVAWorld,1
FAOMexico,4
AlainJordaDEL,6
carmenzaspadaf1,1
ACNURamericas,2
JivanFC,1
GrupoGFLAC,4
PLAsenjo,1
juventudcmadrid,1
ZaragozaCFF,1
IIGE_Ec,2
Adif_es,2
AndreaLondonoSa,1
24HorasTVN,1
ppd_argentina,7
GlobalFundacion,2
FedericoWals,1
ICEX_,3
UPA_Federal,1
AnayansiRCamejo,16
OIMChile,27
CAONGD,3
FGP_ETSIME,2
canarias7,1
REDEXTREMADURA,1
EscuderoManu,2
cambrabcn,1
CGF_Sus,2
josecdiez,4
inmitacs,3
MdRestauracion,4
santalucia_seg,1
eldiarioInt,1
YpsilomRSE,15
matianconetani,2
agenciacbajoven,6
IDoRead,1
redcomovamoscol,6
m_ebrard,4
EU_Commission,8
PgnzzDCA,2
diana_dovgan,1
Comunidad_AEDH,3
HablamosdEuropa,1
UNED,40
CatedraAQUAE,45
CapacitaRSE,15
aybar_rodrigo,7
Innovart_cc,4
ObsLaRabida,6
CERMICV,3
ainiatecnologia,2
JonathanPleitez,8
BCNArgentina,13
mondoiberica,4
CIMASINNOVACION,9
UNGC_Cities,1
NadiaCalvino,57
AECOC_ES,1
ManHurtadoFer,11
compromiso,1
VirginiaHGZ,1
TheObjective_es,5
AragonAbierto,20
SRE_mx,26
TecReview,1
jmcastrob,7
campuspartyco,1
scolado,1
MisionGinebra,1
ZarzuelaDC,6
comuna33,2
COE_es,4
Giorgiabcn,1
CEDRSSA,1
ComprasRD,1
Sedeso_Morelos,2
ADELANTE_UE_ALC,2
UNinBrussels,1
Ultima_Llamada_,2
IAJota,1
CJOlivan,1
carmeniglesiasb,7
sostenibilidad,1
bibliotecaUGR,6
DesignathonEs,2
scgghn,1
IOMatEU,1
Parlasur_Mnes,7
whiteband,2
Gemma,1
EcuadorONU,2
noemitorollo,21
TerramChile,2
donjuanborbon,1
elianaberton,3
radioalma,2
Facoan_,7
LolesSala,1
ManpowerGroupES,7
tuvozalmundo,4
SGR_Garantia,1
MpioCorregidora,1
PueblaAyto,1
EstherTristn,7
ciudadelfuturo,1
internacionalUM,9
AppDermis,38
Manana2019,58
Barrabesbiz,30
rigocarvallo,3
Robert_Iturra,1
sofia_valenzuel,1
GobAragon,19
paulkrugman,1
AdmonUniandes,4
UNESCOPeace,1
bibliosenaccion,3
UNESCOQuito,19
MontseMoliner1,21
msaludpy,1
RevistaRetosUps,2
paristres65,1
OAN_Int,14
joelsas,1
ASAPME,8
pablomtzroyo,22
SEKLesAlpes,5
LucianaTuit,1
Forbes,2
susanafinger,9
CEER_98,2
GemaHassenBey,3
Emmanuel_GC1,1
ScoutMessengers,1
ELIKA_Fundazioa,6
FedeAbizanda,20
designetworking,2
ferminserrano,1
future_spain,2
diegogg,2
anam_cid,2
JuventudXClima,1
comarcajoven,1
Mango,2
agostogabriela,20
PactoGlobalGT,3
El_Tesoro,1
csachezro,3
martinmata19,1
aguaycuenca,1
culturas_cl,1
wbcsd,4
barriodebilbao,8
CorferiasLoja,5
JuanArizaRuiz,5
GaticaVicente,1
MYWorld2030,1
tecnoticginer,4
Felipecatr,1
jesuitascolegio,3
enisa,33
RitaBellLpz,23
RedPolitologas,23
ochaconrojas,13
ChongoSarai,1
ChechuFalcon,1
bluetabtweet,2
TrabEnPositivo,5
monicachaoj,1
meia30,5
GreenDrinksBA,1
lauranath87,1
GRADEPeru,4
ainarazubillaga,1
ACCIONPLANETA,1
Nancydelasa,1
FundacionSES,1
IES1LIBERTAS,14
GVAparcs,14
adelagimeno,1
CaroRguez,1
Mgildelgado,1
CIECODE,13
redaccioncomar,1
vcmutem,1
jorgeheinel,2
LibretadApuntes,1
cpallotti,1
Proyecto_LUNA,2
InjuveSpain,24
COCEMFE_,8
Minvu,1
DerechoUV,1
BibliotecaNalCo,2
BIVAMX,3
ComSostenible,3
Access_Info,1
alicanteayto,1
MentoresDe,1
UniversidadB,1
luisacarcedo,1
UN_innova,4
BayerEspana,2
tinamonge,7
OscarRecioColl,1
Universia,4
EJCanepa,1
Nissan,1
CarolaSchmidtZ,3
eComercioAgr,4
agencia_sinc,1
lolosan10,1
rockbotic_com,2
ILPeinclusiva,16
IngenierosCHILE,6
clinicaJASUsal,11
CCOO,12
CrisFaciaben,1
AliciaMartinF,15
aplusmk,2
a_publica,7
LourdesMcpher,5
IdCanelones,12
pirineos,1
wef,6
UBAeconomicas,9
LANACION,2
ehuprest,2
UrbanClouds_ES,4
LourdesAtrio,5
elblogsalmon,1
Fernando_Casado,6
TeresianasSala,8
elpoderdlgente,1
educaciongob,6
ecomedios1220,7
FirmaAketzali,3
ObservatoriCat,1
prodesformacion,1
CarlosMataix1,5
IngDeusto,5
EcoFELTWOOD,1
mvgaudo,2
EU_ENV,6
lauracardenas79,1
GrupoPenarroya,2
tuprimerord,3
jflores052,1
PAEArgentina,4
latitud_uy,14
IES_S_Isidro,2
jmnavalon,2
lamujerdelvelo,2
Vice_Ec,1
remac,1
LHKibarretxe,2
JDValde,11
rabodeajip,11
jlsaenzgb,4
EAFIT,1
CamaraMedellin,1
LifeMethamorph,3
Ayalde_,2
Calidad_Pascual,6
CAEB,21
FundacionAtabal,1
AlfonsoVillares,1
chefdelmar,1
amolanor,2
ObservatorioCUD,13
TimJMohin,1
elcomercio_peru,1
TSolarGroup,1
cordoba,3
AdsDulantoScott,1
coneval,12
TairaPena,2
UN_Women,1
gabrielmesan,2
ANMColombia,2
Congreso_Es,6
OngInteRed,1
ECOTERRAE,1
WHO,1
CaldasPigcc,7
diputacionMLG,5
NoticiasUTEQ,1
gcba,1
fundacionfidal,1
FretzerBorges,1
JuanCiudadONGD,4
nacionysalud,1
clarintecno,1
SapienzaRoma,1
Gesfera1,3
CocaCola_,1
soydigitalwoman,1
snietoparra,1
VozNatura,2
paradores,10
Airbus,1
vicente_alcaniz,1
Trinomio_es,1
LA_UCEV,5
CEF_MN,12
institutomora,1
AsuntosInter_Ch,4
Rotaryvall,1
COFAPA_,5
arquitenco,1
MINCEX_CUBA,1
BeateStiro,2
Senadoesp,1
alfredvara,7
Ecoveritas,10
SINFRA_GobOax,1
UEenMexico,5
xalocmar,1
e_Cooltra,2
LorenzoJdeL,4
exportun,2
CruzRojaSOeste,3
josemanugb,3
EmbajadaEspArg,1
UNEnvironment,2
diariotur,1
niqicastro,1
premio_avonni,1
SoyNuevaPrensa,1
sgaticam,1
la_eco_reserva,1
pablo_lopez,1
DianaMartans,13
UATAEAndalucia,9
jmlopezmurcia,3
protedemolina,1
Ibercivis,6
AnunciosRevista,1
Cinesa,1
s_garciaperez,2
Afi_es,3
VLopezSabater,2
bajoelbillete,1
EnergiaEDP,2
formagesting,1
PFCantabria,1
cypesoftware,1
joangandiaoltra,1
educantabria,3
nortecastilla,3
NativApps,3
CONSIDERApl,6
ProyectosAmbing,9
medioambientecm,8
floridauni,1
MAramendia,4
sergiobergman,2
Ssocialesgob,1
apradilla,1
martavegass,2
MatsGranryd,3
Colegio_DH,1
arnauqueralt,1
econ_socialcat,1
CelesteLopezP,1
parcataula,2
Equal2030,3
utppanama,1
SDSNMexico,1
VMoralesGorleri,1
scoutsguatemala,1
TeellEditorial,1
IAF_Aragon,1
GalaFreixa,1
crisdequiroga,1
oreull,1
manueloteroIICA,1
Mides_RRII,1
SELAInforma,1
aragonturismo,1
MRappallini,1
uiz,1
CEGuayana,2
UCSUSA,1
Grupo_Planeta_,4
cmolinan66,1
sanidadgob,1
MiAmbientePma,2
MAPFRE_ES,2
jlseto,1
1GlobalAcademy,1
JaroJaritillo,2
LauraRomeroGme1,3
ParedesUrquiza,3
MvictoriaOtero,1
ConDemocracia,1
Defensoria_Peru,10
redinpae,1
GermanLaRioja,1
DrDCWahl,2
david_j_p,4
GtLiberal,3
Elena_GGarcia,1
redenorte_co,1
EPMestamosahi,1
OissSec,18
Agenda2030MX,70
osalanEJGV,1
caixabank,19
PactoMundial,410
wto,8
CerveceraCAN,34
RespSolidarias,12
CEOE_ES,49
portalento_,2
Emasagra,28
circugas,1
ongdclm,3
_CARITAS,3
datapopalliance,1
CarrefourES,2
LeireSanJose,2
Eventos_EXP,1
icynthia,5
EdurneVidal,25
CongresoCI,1
Servimedia,13
CanonEmpresa,17
mariale_rico,1
AMEXHI_Oficial,4
el_BID,21
Biblio_Social,10
lukaquelo,5
elementsgroupec,1
UNESCOsanjose,12
SmartCity_Net,2
CinuPanama,16
abelaro0806,6
InvestigaUtpl,54
FUNDHEX,5
SchindlerNA,2
Gullon_ES,6
VeciFeministas,1
almaffioli,10
agdelatorre42,18
ChileVoluntario,5
SDGoals,2
cepal_onu,60
nathaliedetry,2
LaNaveMadrid,105
unescoetxea,24
rubenborrega,11
oficinaiticadiz,1
InfoAquona,36
gaticavice,2
ISMERCOSUR,53
ajuntcatarroja,1
Aj_Torrent,1
caixapopular,1
FFFSalamanca,7
PaquiGodinoRoca,15
PactoMundialMex,50
elmundoes,9
cbchileag,4
IFLALAC,15
FCulturadePaz,1
AlejandraDamian,1
BBVABancaRespon,6
BIKOnsulting,10
CMNUCC,100
MuniGodoyCruz,1
Udalsarea2030,10
ciriec,7
loquedasvuelve,1
gabrieldeler,14
UNWTO,9
Cajamar,6
esc_espana,2
AMIQGreenChem,2
GeotermiaA,16
AEPD_es,12
AguasdeAlbacete,1
MonarchieBe,4
IFAD,8
sarteaga4,31
CancilleriaPma,27
redesconrostro,5
unescoMOST_LAC,4
QUIMACOVA,3
aballabriga,15
acostaide,9
Sercotec_Chile,1
desafio2030,10
elcorteingles,3
inakiirisarri,11
MartinVizcarraC,1
RNVinformativa,1
EapnAs,3
SFP_mx,1
Innuba_es,1
eACNUR,10
labgobcl,6
co2cero,1
MexOMM,4
fernandobolado,2
Maorodriguezgon,2
ayudaenaccion,29
TurismoDeporAND,1
andalucialab,1
CEADS_AR,45
mariaphickman,3
erkide,2
Portaventura_ES,1
Cofares,3
blancagomezint,12
cadizginebraen1,9
MattDamonOnline,1
pactocolombia,23
tizayucacecyteh,79
LamanCarranza,53
PactoGlobalEcua,32
RicardoDuenasEC,10
SociosCCS,1
ACCION_Empresas,3
jpferbo,1
UNICEFGalicia,18
mutualiamutua,3
safasevillansr,2
cursosveranouc,5
agustinvitorica,11
MadridNetwork,14
silvia_ka,14
vinuales81,5
FunMultiopticas,1
frdelpino,3
JuanPina,1
Carlos_Gut10,9
perogar_BIM,16
MicrosoftEDU,2
Gesor,2
DorianMora,1
Issac_Alonso,8
GPSalmeron,29
JovenesUnasurEc,1
elinformatorio,1
OITAndina,3
IbercajaSocial,12
Arainnova_,3
RenabiAr_Ok,1
FAOCuba,1
basepublica,16
SILBARCELONA,1
COPADE,12
ecointeligencia,5
gemasanzs,2
aiguesbcnclient,1
diegoconesa,2
MasterRSC_es,2
MplazaYel,2
joseanRdelaCRUZ,2
diegoarroyom,61
FedericoMartire,1
JacoboOrdazM,5
GADCarchi,5
nutriHUEVOS,1
Pro_Ecuador,1
ucatolica,5
AlcaldesMexico,5
drgiovannehux,10
CfceMontevideo,1
RWelcomeSpain,2
CervezGabarrera,1
ISS_ES,2
victormexeguer,5
fundacionmelior,1
ARPAemc,3
BienHumano,2
glocalminds,4
TequilaSmart,1
FundacionFLOR,1
_perazzo_,13
Aran_Acha,1
mbachelet,1
AlonsoRiveraM,1
fiturnext,3
Uponor_ES,2
CundoCaso,2
CSecundaria,2
IIDMA_ecolaw,1
FEFCMadrid,1
LaCasaEncendida,12
CajaIngenieros,31
FAOGuatemala,5
daphnecastillo,2
FAlimentum,2
FcoPalavicini,1
CiudadMitikah,1
RAISFundacion,7
ViceRDo,15
BID_Ciudades,2
MexOnu,1
realDonaldTrump,1
AgnesMathis,1
Batera2030ORG,2
RedCiudadesBici,7
group_cgc,7
DirectivosHotel,2
NovotelMCenter,1
MADRID,10
_AnaCarrillo_,1
AECIDPARAGUAY,1
ctaima,1
ReCity_,3
catalunyaeuropa,3
euenergyweek,2
Isabelgarro,6
asundiaz11,1
TranspiSS,6
AlbertCuchi,1
CEMENTOHORMIGON,1
robleshormigo,2
CEAinforma,5
CrueUniversidad,18
SDGFund,1
carmenpinan,3
INJUV_Antofa,4
dalia_correa,4
CeDeus,1
AMEXCID,1
Findeter,3
MiguelMiraPM,1
JaimeSilos,1
AndreuIbarz,1
triodoses,2
_cuatrovientos,9
NotGip,3
UN4Indigenous,11
ComillasAlumni,2
sic4change,9
2030Agenda,6
alandmcgill1,1
exanimotina,1
mjcinca,1
tonibernabeu123,3
jblasgarcia,8
sasnoa,3
MuseuMaritim,2
OIMCentroAmer,2
CenicsPanama,8
escuelagob_ide,4
david_garza,1
UNESCOMexico,12
FundacionYPF,1
Apoyopositivo,3
Los18org,2
UniversoSanti,2
UNDGACM_ES,1
BAProvincia,2
GrupoAIS,4
SandraGud,15
M21madrid,1
ieee_es,4
Cajasol,6
RodrigoPerpetuo,11
EFEnoticias,1
inito70,1
sg_sica,19
redongdmad,12
andres_vial,1
InnovandoUdeC,1
HEVIACHAVARRI,2
SDG2030,1
Gobierno_Tab,1
murciaturismo,3
evelynmatthei,2
ColeEstudiantes,22
SCpresidenciauy,1
ASSEcomunica,1
banconalpa,1
mariajpico,8
fjmartosm,2
GSMA,2
FrontierEcon,1
diegoarisi,3
UNDP,5
SEKSantaIsabel,6
SEKCiudalcampo,5
SenasaAR,2
rickynegri,2
ComisionOds,9
Coviran,30
Knotion,4
G_40,1
theGEF,3
IWC,1
UdeA,6
bfsalinero,3
EconomiaMza,1
Innovaspain,1
amturiel,3
ARodriguezT2,2
Potachov,2
jordi_a,2
FELIXAOVEJERO,12
IAPHpatrimonio,1
RosioAntinori,6
UNESCOesd,6
ejaypangdiaz,2
PartidoLiberal,1
DarioReques,2
fundamiarbol,2
r_copete,7
juanjovergara,8
fstraface,2
YouTubeEspanol,1
EDUCADORAV,1
ExcelenciaCIP,1
CCOOclm,1
horaciorlarreta,1
trurin,9
Pattymafafa,3
jesi_ortega,23
ObservaRSE_,2
MiriamGuardiola,1
EAPNEurope,1
JASanahuja,5
intuMediterrani,1
ThinkupLKS,1
IncubaTalento,4
IDAEenergia,1
UniElectrica,1
DialogoRede,1
Conacyt_MX,1
bcn_radio,3
GVAagroambient,14
sergiounac,1
TeruelAirport,1
IICA_Europa,2
ProteccionPonal,1
quieromibarrio,2
UpInforma,1
UAGro_MX,1
dondavor,1
CrisConsuegra,2
CamaraCIP,12
AcciocontraFam,1
GSK_ES,1
AclimaEuskadi,1
RisiMarcelo,1
HumboldtCosmosM,1
Ayto_Montilla,2
ramonjmestre,14
Brigittelgb,18
dorina_bonetti,5
IINOEA,1
GabSocialPy,17
jorgenunez63,1
worldscouting,7
BIDagua,1
PMovimiento,1
inspireAPS,1
MrCuarter,2
GUATEMINECO,2
FAOWHOCodex,1
ArnaudPeral,1
IETorroja,1
Peru_Sostenible,3
IEA,1
ruthparticipa,3
acumarriachuelo,1
futursostenible,1
unescos,1
javi_est,1
Mar_lo_quin,5
g20org,28
ArgeliaQueralt,1
SEEDSandCHIPS,1
cfievalladolid,31
ISOSecGen,5
Diario_LaVerdad,1
PresenteRSE,5
EQSuman,7
RSenlaJusticia,4
UNRoficial,1
meritxell_batet,14
eva_cazalla,3
DeustoFabLab,5
AragonAmit,2
Soniassr,3
alexruiz007,1
PUCMM,2
hansvestberg,2
verizon,2
PabloPonce,3
LATU_uy,14
agustinintriago,1
mwassermannl,1
AltrapoLAB,4
Cide_Ags,1
sebaherrer,1
medioambienterm,1
Contraloriacl,13
luisbernardov,11
AlcaldiadeMed,1
SDI_software,1
cenalfilven,1
CorferiasBogota,2
GiovanaPRG,2
diego_tovar1,2
Davidrkrapula,1
HumanRightsDK,2
aperezabaleta,4
ColliEvangelina,3
alrebalaje,1
eheestepona,1
pastorams,5
isaperezdobarro,6
Eurecat_events,4
porCausaorg,1
JosepMVilalta,2
micaelarpe,1
MdpDS_uc3m,1
ConsorciZF,20
pere_navarro,4
cavallejoan,6
AleCortPas,2
Miss_Internet,1
Citibanamex,3
GHLicona,10
uicn_conserva,3
ieslasendagtf,5
KilliamArgoteMD,1
JuanLuisCasCo,2
autonomialocal,7
AnaCasadoMolina,2
NoraLuziOk,1
CocaColaCo_es,1
Laura_ro_,1
Holiday_World,2
BanescoPanama,2
przc,2
CNMV_MEDIOS,1
bancosantander,1
USOConfe,7
ICMIFAmericas,4
BIOINTROPIC,1
aena,2
CruzRojaMostole,1
Secot_,6
s_coolman,1
OrdonezGonzalo,1
ircres_roma,1
AytMolinaSegura,6
antoniojaguiIar,2
RichardCarapazM,8
unicefvenezuela,1
ONUDIColombia,1
aytoguadaira,5
fabianhevi,1
PorrasMx,4
rmiguelanez,5
ivanrivasrdz,1
pedrajasmarta,14
sembrafuturo,1
EUinmyRegion,1
jcyl,3
hubprovidencia,1
networkercl,1
GobSantaFe,2
OroHits,2
CONANP_mx,1
DentsuAegisES,7
programaprovoca,1
rivanca,1
soleaguilar_,2
BCIE_Org,5
MPPAAguas,1
Gentilebruno,2
onu,1
brunobasile,2
DKVSeguros,1
lookidclub,4
Robiamny,1
ResilienteCA,1
orbitalaika_tve,2
SE_mx,11
MasaCriticaMvd,3
FunTresCulturas,6
sumafundacion,1
DipPastorVera,2
AHKParaguay,1
midesuy,1
MarinadeFrente,1
AkbaruddinIndia,1
viasverdes_ffe,4
UIAcomunicacion,1
Fun_Realmadrid,1
RicardoRubioA,1
EistrupMathias,1
MunozAnabelen,1
spuertopavon,5
zentrumclip,1
UFSostenible,2
chileinfancia,3
simonsinek,1
agenciaeduca,1
Cristin4Beckett,1
GrandesVinos_CA,1
TheWorldsLesson,1
Borja_Barra,2
heberlar,3
VicenteMunuzuri,1
SumaInnova,4
AlejandroSanzEC,1
JuanRamonCalero,1
ApoderadosOrg,1
CristinaBorraj1,3
USMApanama,1
AlvaroArzuE,1
MPPEDUCACION,1
jeriesgocaldas,1
GeografiaViva,1
CEAes_,19
Mesa3sectorAst,2
Minrel_Chile,7
Endesa,49
FundacionCepaim,29
davidgvtierrez,23
ANDI_Colombia,9
YABTs,10
SECTUR_mx,81
informaria,23
_marcos_martin,20
prosalus,3
agbtic,4
UPVeranoEHUdan,2
Agenda_Empresa,29
janaveros,1
jpduhalde,7
jorgesolana,6
Edudesarrollo,26
Andesco1,5
josecruzurbieta,11
dafnu,2
Luisdipietro,1
PaulaAriasO,1
PodesEMPRENDER,5
drdianis,1
abelsuing,1
marthadelgado,30
A_MtzR,4
VolyEstrategia,34
Agenda2030Peru,5
UNFPAPy,2
Mercasa_mercas,5
infouex,3
ensgismau,11
AbacusCoop,2
IFLA,31
OisocOficial,25
EcologistaE,3
TamiFarre,1
ConsultoraGemma,2
MarianoPinedo,5
onuhabitat,22
amnistiaar,1
AccentureSpain,8
acentoline,1
SmartServicesUY,1
CamFinTechUru,1
ciriecco,3
pregoneroisleno,1
infopresidencia,2
CECyTEHgoEpa,110
AulasOds,24
FedericoHoyos,1
suezES,44
P4SB_Biotech,1
foretica,148
iberdrola,16
ONUGuatemala,25
Segeplan,9
ArteagaMireya,22
Gaes,3
robertotello11,1
ArielGarciaUCR,17
LinaVegaAbad,2
fulloa51,1
SoyValor,1
meconomia,2
belenalonsorse,2
Limpiolux,2
IF_UNAM,8
Obs_trafic_UTPL,1
BandaMarcialCcs,1
natacarbonell,12
UNESCO,12
emorilloleon,1
LectaGroup,2
UiCuba,8
BApyme,1
vistage,1
supersevi,8
fproclade,3
IS2030_Chile,51
CDH_Defensoria,27
minasenergiaupm,9
MAS_Business,10
MMAChile,5
FenacoreOficial,6
viveandalucia,1
HPEspana,7
UNITAR,8
RIPESStwit,1
icacoop,14
saludlaboralugt,1
rebel_wi,4
ClimaxNTN24,1
mcarvajal28,1
luisyepesb,1
CruzRojaSevilla,8
marutipapaleo,1
ninamoreno2,7
Ayto_Aranjuez,8
ProgresoMF,13
ejsambai,1
MalenaRiudavets,2
educaINEE,4
ashokaAr,2
iSostenibilidad,38
EMPODERA_org,35
MaMechecastro74,1
fegadacegalicia,3
Pernod_RicardES,4
leguizamonml,2
mapagob,54
mresiduosUMH,1
AlmeidaPP_,1
IndiainSpain,1
grazianodasilva,1
FAOenEspanol,32
YiyoHr,1
FronteraEnergy,4
caminosmadrid,2
CeDeC_intef,37
Red_EQAp,1
aps_sevilla,1
MAECgob,79
EspacioAnepma,3
evanderrojasb,1
PDDHElSalvador,1
FCIDEMAR,6
pazpyma,18
BcnDesignWeek,7
empretecarg,6
UNSDSN,15
PrefectoIMB,4
andresckane,10
UNAUSAPR,3
GrandesMedios,1
GVAcooperacio,1
ecoembes,5
selvinrivas76,5
ambienterd,2
cicat_cl,5
FNAmbiental,23
bbva_argentina,2
belusozuniga,10
campusb,1
innpactia,5
ActAlc,1
lamilitar,10
MimyValencia,1
equidadmx,1
Plenainclusion,85
diariodelpuerto,1
PMIMadridSpain,1
MiesesGlobal,1
red_ricg,1
FBiodiversidad,68
LogicaEcommerce,20
IDHUV,1
EXPORTUN_va,11
PedroJ_Cuestas,1
GloriaAlarconG,2
almagra_,1
manologallegos,2
lavoragine135,2
Nao_Casanova,1
antropohackers,2
luismi_barral,4
publico_es,4
CADIMESALUD,5
msalnacion,6
personeriamed,13
ccemx,1
christeiaene,1
SEO_BirdLife,10
InnovacionPma,1
TarapacaLabs,5
se_unam,1
ICEFI,6
campamentoideas,1
FuturoLatinoame,5
M_Viota,2
CastroVerdetk,2
MedComoVamos,15
CNNChile,1
OITArgentina,1
BibliotecaCEPAL,15
aguasdetelde,1
Artceledon1,1
evoespueblo,2
La_UPM,26
COVRI_org,1
hrw,2
respon_cat,2
UNHABITAT,3
IGavilan_CGF,1
jcgomvar,10
ETSCaminosUGR,2
AguasDeHuelva,7
ONUHabitatSpain,4
JuanCFulgencio,16
ajorda,1
CentraldeMuros,1
QroTravel,1
jjoselitran,2
lavozempresari2,2
ColonialOficina,4
RealEstateEarth,1
ONCE_oficial,19
FAOParaguay,23
acaparrosg,1
alvaroandradeec,1
CCEDSCorrientes,2
osdelsur,3
MoncasideAlvear,2
MoritzBarcelona,2
feijoo_costa,6
hmy_group,3
Camilo_Pinzon_O,3
IbercampusES,2
Ipex_clm,1
Euskalduna_eus,2
traperoshuelva,7
diariosevilla,3
SellinUruguay,14
IPFisica,11
931_fm,1
luisolisfg,3
24_morelos,1
UNICEFargentina,31
AgroDer,7
rubendmarquez,8
raulolivan,4
CocaColaEP_es,10
gredossandiego,5
JosepPresseguer,1
AytoMurcia,2
SandraAsteteM,10
EmbajadaEcuUSA,1
CancilleriaEc,4
JuventudRD,19
gobiernohidalgo,1
GobiernoMX,5
OIMSuramerica,2
ericalobos,1
CIVICUSespanol,1
MelbaAdriana,1
gonzalezhuesa,3
Solidarios_es,3
bbcmundo,6
SINNETIC_SAS,2
Mitradel,1
univcadiz,3
AnaGascon2016,10
martinszomszor,1
Xunta,1
FordFoundation,2
stacatarinagob,1
intaargentina,12
USAIDES,3
ProTundama,3
leroymerlin_es,9
DaniOrtaG,2
Julian_Ugarte,4
fdoarab,4
tudiscovery,1
gg_dia,1
MinagriCL,1
ClaudiaUlloaTes,1
MMujerRD,1
miguelrcabanas,3
INAImexico,4
nacex_,1
lucylarrosa2014,1
RevistaDinero,1
61chema,1
pablodeolavide,8
ImpactUN,1
AccorHotelsES,1
ToGoodToGo,1
globalwindday,1
laheroicaviajes,5
PactoGlobalPERU,4
anigadelhierro,4
CamiMateluna,2
Edmavi03,1
AitorSanfo,1
jgaldames7,2
LaureusSport,2
InnovaRecoleta,1
MujeresIgualdad,17
EstelVilaseca,1
e_soria,5
cicuncuncuyo,1
psoeex,15
bclvalladolid,3
JuanMarin_Cs,1
CmMdp,1
CorreosExpress,5
MiriamLeiros,2
tonisolano,2
BAeducacion,4
AytoVillaAst,1
danone_es,4
gardenhotels,6
AnduezaSergio,4
ralvariza,8
FCCColombia,5
comamel_,3
RCNSAI,1
alexchavezh77,1
REDAC_DDHH,32
EducampoMX,4
EmpresaEscuela,1
cbiblioperu,1
ARA_Sostenible,4
AnaTMuro,1
CECODES,4
LoreRecabarrenS,8
ColegioAlcaste,1
covalcon,2
ProFuturo_,9
WorldVisionONG,14
gonzaloyarzun,10
fmcapitalsalta,6
cmugica,2
helenaguitart,2
matiasponce,3
ArturoGR08,4
devmultilateral,3
helejimenez,1
ScotiabankPE,1
barriopolis,1
GIPES_UAM,1
HasbunAlex,1
EySMunicipales,2
sbalbornoz,4
UNACEMoficial,4
CentroTepoztlan,2
crc891radio,1
sustentARtv,1
WaykanaGuayusa,1
rhurtubia,2
bicicultura,1
FundacionRepsol,1
PNUD_Venezuela,35
Mocidade_Compos,1
aytopielagos,1
alavaemprende,2
MuniCba,8
socialabAr,1
MaLaPeNa,1
rojaschavarria,1
cuba,1
bobvalladares,1
nexosmexico,1
fpaisdigital,1
ComisionODSPy,17
SR_Disability,1
UtecGlobal,1
NomasdNet,1
Relben14,2
UProfesional,3
FAMSI_Solidario,13
PabloGutiOk,1
BA_Produccion,2
StevenPuig,2
MunicipioQuito,1
AndreaIrarraza4,1
ekuischlaroche,2
plazavea,7
foroinserta,1
patigosalvez,1
vivesgadea,1
ForoRSEMalaga,37
FACYRE,2
coambaoficial,2
MariContr3ras,1
PlanTodaUnaVida,3
Benasque_,1
bpmmadrid,5
lucianamermet,8
PNUDBolivia,8
Abanca,1
Calvo_es,2
JpDemocracia,1
MaristasCt,13
AtosES,2
marosca84,1
Selphinia,1
JoseMariaLJ,6
DeboraBiain,1
vox,1
oficinaverde,2
usal,3
SVS_Sitges,1
MuniCircular,4
PrometeoRCR,1
ChiquilloBarber,6
mamenintheworld,6
Nestle_es,1
AlumniUAM,2
iBERdiaz,4
fmarquesm,3
CES,2
unfoundation,2
Agos_Almeida,3
MorenaValdezSV,1
LAQI_quality,1
tengo_hogar,2
UNDPabs,1
Davivienda,1
gcalerod,5
laaab_es,5
dossierprisma,1
UAM_Economicas,1
chileenergia,1
Proantioquia1,11
AlfredoRamosM,2
fmisangre,1
ucoerm,2
jovenmania,1
VinaBujanda,1
elperroylarana,1
ritaspada,1
Powtoon,4
JPLaiglesia,1
CentralMalaga,2
MauricioJaramil,1
sylvieduchamp,2
GobiernoRioja,1
fundaciontef_ec,1
ActivistaCo,1
CarmenPlanas,11
MonDiDonato,1
SARFelipeVI,1
RevEstrategas,2
PrensaCDLaRioja,6
CharlyDiazLr,3
eduardochavar,3
USembassyMadrid,1
Yerburu,1
ignas68,2
satyago,1
DrapatriLac,2
CFATNVO,4
ColombianConfer,3
epssura,2
juanph19,2
AlejandroSernaS,1
DavidGonzalC,1
GretaThunberg,2
emac_ep,1
CNTinforma,1
icai_cic,1
CitibanamexCS,2
REMECID,1
DircomAND,4
anticorruption,1
ucongreso,5
DIRECTVEcuador,1
fsjd_Madrid,4
Troposfera,5
CocaCola_es,2
NaturgyFnd,2
CES_Sevilla,2
ABB_Spain,1
aquamargold,1
VictoriaSeiasa,1
bescolaresgal,1
FOROADR,1
mmunozocana,7
osvaldmoortiz,4
congresofuturo,1
dkny,1
Clifford_Chance,1
CCyEAAragon,6
lopezfernando,2
SanJeronimoC_mx,1
cescyl,10
blogsostenible,3
elianaroa20,1
CristinaNarbona,11
vilellafer,2
ayming_es,2
accesaorg,3
SalesianosADG,5
Iproma_com,3
TierraHumedales,5
fraconalv,1
secot,1
GPatriciaS,4
KofiAnnan,1
ProvidenciaTV,1
PATOOVALLE,1
stellaguillenpy,1
jbetancourtv,2
BegoLdeG,1
carlospineyroa,7
ipizzolante,1
Avianca,1
DSantin,1
RevengaIng,2
pattyfalconi,2
liquencity,5
camoes_ip,1
FNLI_nl,1
ambientumcom,2
mvegaro,1
_CJE_,6
pepitaygrano,1
irenepanea,2
CCOORM,1
mejiasrosa1,1
inigoalli,1
Anadesaracho,1
biobiosfera,6
MinSaludGuate,1
CanaldeGobierno,1
TGWdigital,1
Lucilataboada,12
FET_Valladolid,3
MulleresPonte,3
GuiasCol,1
Packnet_,8
opencontracting,1
eduardo_recoba,4
InColectiva,4
residuscat,2
manuelcaire,2
gerdau,1
AIESEC_Arg,1
AzucaralDia,1
NQN_LAB,8
RSEncuentro,1
diasolidario,2
gesiuris,7
omaralpuche,1
OECD_BizFin,1
L2_LaSegunda,2
smgdupuy_gallo,1
FCermiMujeres,3
pacogbellego,1
CEHEhosteleria,1
DiputadosPy,1
UNECOSOC,1
JlChediek,1
DuniaLudlow,1
montes_mnatural,1
CICconstruccion,1
davlafuente,4
lauraprietoguij,3
emblazq,1
donosticup,1
ProtegeEmpresa,1
Hispasat,3
BoehringerES,1
GabiValencia13,1
pmalnati,3
EducaMerida,1
nachojovtis,1
IzAb_Bierzo,1
XJusticiaFiscal,3
CongresoGuate,1
fEClatam,1
UNFCCC,1
AlCaceresMon,1
ATD4MundoEsp,1
AaltoCons,11
imaeso,1
EsHorizonte2020,4
anaisojz,1
INSST_MITRAMISS,23
drotorrent,90
FAquae,52
SODePAZ,3
atlanticomedio,13
RSConsulting6,2
COFIDES,3
grupotecmared,1
alejo_segib,5
sonarqpaisajes,2
MedialabPrado,29
GBCEs,4
Hidrogea,3
VarkeyFdn,5
arisemx,23
PNUDChile,102
soyanais7,1
SEDESOH_GobOax,46
FENAMM,7
CONEP_RD,5
utpl,55
ColonAlcaldia,6
ICOgob,26
FAOAmericas,11
guidogirardi,1
SEIASA_OFICIAL,83
DEFENSORIAEC,1
CruzRojaAlava,4
laredKLN,1
ONUChile,3
PECDDHH,1
IES_MARINA,1
jesusdelaosa,20
EAsempervirens,22
jp_economics,1
joaquinchona,1
juntaex_cultura,2
Jennife15705176,2
luis_azcona,10
chechamerchan,6
FAOUruguay,2
apicassent,1
IARSE,6
AMIQnet,1
mitecogob,55
ibermaticagrupo,2
BibliotecasSNBP,2
Raquel_Szt,4
Plademunt,2
vibuk_official,1
ComunicaRSE,2
DemospazUAM,1
RadioRumbo1074,1
MIDAPANAMA,1
INAFED_Mx,56
molakarla,7
carlitachavarr,16
Sebas_Olivera,6
oibescoop,9
ciclo_siete,1
GobernacionSai,1
coralina_sai,1
ArmadaColombia,1
agaviriau,19
OpenValueFound,3
LaBolsaSocial,5
EFEverde,32
UnileverSpain,2
jbgoikoetxea,2
IdeasImprscndbl,1
unodcesp,2
IdeacionCanal,12
agorarsc,43
GRI_Secretariat,19
cosmoACCION,9
cooperacion,11
UNESCOICTs,4
CONAPO_mx,1
margaritacdf,15
ONUPeru,1
anapastorjulian,2
ProPacificoOrg,3
CNNEE,2
MuniRiobamba,1
jafontaine,1
FCaparros,1
PactoGlobal,56
JuarezCelmanGob,1
EmbaMexAua,7
ele_trigo,7
MINPIOFICIAL,3
boomerangviajes,1
AccionODS,11
CamarAmbiental,2
aqualia,13
Angelssoriano74,22
UnaiVillalba,4
Sumarse,6
ArielGuarco,1
Gonzalo_Mendez_,7
easymarketinga,2
Dip_Va,1
WWFColombia,1
BiblioCEMMdP,8
IAE_Austral,3
CONSTRUIBLE,1
lidlespana,1
euskadicoop,2
SocialEcoEU,2
Asmadera_,4
MujeresaSeguir,2
ArbolCl,1
JBotanicoBogota,1
FAO_Colombia,10
CEUAAlumni,2
ArroyoPaloma,12
cecytehtezo,79
BoxSynergyOk,2
SilviaTorresC,1
martacorella1,1
IJExtremadura,5
cultura_guada,1
AytoSVB,4
RedAmigableEdad,2
ballenablanca_,2
luiscayoperez,6
CEVAXIN_PTY,6
CatedraBrialUZ,1
itwillbeorg,1
EBienComun,1
quameorg,1
CREMajadrozas,2
CEMEXMx,2
educarportal,1
Gabriel10298715,1
ISGLOBALorg,26
UnaNicaragua,1
Mimogutierrez,5
bgmps,2
iocmedia,1
catalinitaga,2
Cotec_Innova,60
Legismex,1
sumorenoga,2
LuisReyes_TI,2
abinbev,1
APCColombia,6
LaestacionBen,7
bibliotecacreal,10
itacamo,1
APIE_es,2
BBVAPrensa,1
lidiaschmukler,1
La_Terminal_,1
unfpa_lac,3
BibliotecasRBJ,1
fcomUH,1
UNISDR_Americas,8
UNFPA,2
elcolombiano,2
EscuelaOEA,1
unicef_es,26
pilarmorgar,7
oei,1
adelante11,1
UMU,28
longinosmarin,3
JoAguilarMedina,2
ELENADELAP,1
AsambleaEcuador,2
afin_giz,3
PNUDSV,28
EstrellaDammEs,1
ddu_10,5
lccabareda,10
GuilleHerreraV,1
Planetatucasa1,6
Yazcardenas15,11
apciagencia,3
AEDIPE_CV,2
hugocabrera,2
SanMiguel,1
escuela_madrid,1
InnovacionUNAM,5
monicasandovala,2
Mega,1
canal13,1
Unilever,3
CiudadSustentab,1
UNmigration,6
MinIndustriaLR,4
Lafede_cat,1
SustDev,7
EvaDiazTezanos,13
VazquezZeta,1
iesifach,1
mldoce,2
SDAAprovechalo,1
UNDP_innovation,1
magitoto,2
ADNColectivo,1
rosamunozelena,4
esFIAB,18
bd4dnetwork,1
plemonche,3
dipucordoba,5
Metrovias,1
WFP_es,1
onucolombia,4
MorenoBID,1
guardianacional,1
GaliciaSostible,13
teiknasocial,3
UDLAQuito,1
Gaby_Buffa,1
LFLopezCalva,15
pilarorenes,1
Portocolomases1,2
JesusAliTabasco,13
lpajin,7
AsianFarmers,1
UniversidadeUSC,6
CaneteFelisa,1
PaulGustavoE,1
VIAQUA,1
excelenciacl,1
Economia_3,1
Smart_Iberica,3
desalambre,3
ForoDeImpacto,23
UOCedcp,1
andece_general,1
SalomoniCris,2
PE_Espana,1
orvifrusa,2
Compromiso_Empr,23
agirrecenter,8
_OrtegaVictoria,29
ZeaMuoz,1
eriko_florespz,2
Digiculturizar,2
JuniorReport_,3
Suelos_Vzla,7
UNCCD,7
Jesus_Tortosa,4
Social_ICADE,4
cceoficialmx,11
pvazquezmarin,4
JordiOliverSola,1
Conapesca,2
robtiko,4
UNFPAMexico,2
Gilalcala,1
albertvilarino,15
ColegioHerma,15
ONERD_,2
MentxuBaldazo,1
juan_otegui,2
CarolAlvarezmb,21
UCOMILLAS,3
carlosdevega,1
grpinnovaris,3
mavi_mestre,1
enriquemmarin,1
Periodistas_APA,1
Anabelbeltrg,1
UNIAuniversidad,1
aplaza,2
oceano_atl,3
myriamgarabito,1
dipujaen,2
ONU_PANAMA,2
IOMchief,1
IOMatUN,1
TecdeMonterrey,2
sayra8a,1
EnlacesXSustent,1
miriadax,3
_CLACSO,5
cclimatico,4
segovia_es,2
OITAmericas,1
uclg_org,6
IFLA_Lib4Dev,6
feriademadrid,54
thisisgo0od,3
josemcar,3
enagas,3
FundlaCaixa,6
CienciaPTY,3
MESCYTRD,1
USAIDMX,4
ProfeMerida,2
CONGDRMurcia,11
MarcelaUIO,2
FampaceMurcia,2
martamaranon,17
sebastianpinera,5
canvasRSC,6
FadJuventud,20
CentroEstudMAP,1
PSordasCordoba,5
CNSEinfo,5
LHehenberger,2
Varmond_School,3
lgaretio,1
YPFoficial,5
scoutsdemexico,3
Gizatea,1
CiudadanosCs,1
PedroBarato_,4
AsajaNacional,4
BasqueFoodClust,5
swmadrid,3
CulturaRSC,2
Aecid_Guatemala,1
LasBuenasNo,1
scoutCdSol108,18
Tommaseo_mi,6
ceres_ecuador,14
juanjocorrea_ok,2
CRECarinena,1
JuneCalsor,1
CamaraSAI,1
CamaraColombia,1
haurralde,1
awfederico,1
ResonnanceEs,2
DonadoraMx,2
btecasRM,1
SGGEdomex,9
carlosbarrabes,1
mariagemaquint1,35
UTECinnova,2
SumaAlicante,17
dpl_news,1
Muac_c,1
associacioAlba,3
atresmediacom,2
trampasparker,3
fmapfre,17
Grupo_init,11
CIEMZaragoza,13
bvisedo,2
pulitaroxxx,1
AccionaJobs,1
IvanDuque,2
ReLACnet,1
MARN_SV,1
ArgentinaUN,2
PMunozLedo,1
TVTorrevieja,14
SmartlyLive,20
utem,2
ImpactoTIC,2
pablonegri,2
RevistaPedalea,1
Modernizacionok,1
FondoGalego,1
Fridays4future,1
borjavega,5
COA_Aragon,2
sustainalogy,3
educaCNIIE,22
CancilleriaHN,19
inst_humboldt,18
figueraslm,5
MINAGCuba,1
AitanaMuoz,3
AlessandriFelip,2
AsdownColombia,1
MoirMiguelangel,2
sectorceca,1
FSJD_Investiga,6
GVA_CEACV,6
Pref_Bolivar,1
picoj,1
InnovaCiudadana,12
hospitalplato,3
AnaBotin,4
icatalist,2
gmunozabogabir,3
expoquimia,2
invapargentina,1
PichinchaGob,128
europapress,1
APLU_Galicia,5
goib,2
Raijenstein,10
MartaMHigueras,3
elpais_economia,1
unescolima,3
tecnoholic,2
LolaSanjuanCKL,2
gemargzp,3
claseate,2
businessfrance,1
FeminismoINC,2
consumidores,1
5050GL,9
provita_ong,3
UColMayorCundi,1
GonzaloFanjul,10
rvilasanjuan,4
CrisGElorriaga,4
madresfera,1
GabrielaRana197,1
CarlosLLV,1
bredruel,1
aquilatierratve,1
fortunata_2030,5
CTATech,2
OrlandoNunezA,2
GagoPablo,1
acsinergia,7
aldeasosecuador,3
ColegioBalder,4
Unacolombiaofic,2
basurama,4
GobCordillera,2
caterodrigueza,1
QuinteroCalle,11
IArgonauta,11
ComfenalcoAnt,1
RCN990Medellin,1
davalho,1
BAinnovacion,1
YugenBlakrok,1
EmbEspAbuja,1
ciesu_uy,2
panamcham,2
carmelomarcen,9
mariopezzini,1
carlosrebel,2
SusanaCdv,1
PugaSelva,6
pagina66,1
Carlota713,6
infoRMurcia,5
FacultadEducaUZ,2
gfrias,1
TelconetLatam,9
TriventoArg,1
SOTZIL_MAYA,1
CAMHUILA,1
xosegarrido,11
ParqueAlmenara,3
ffla,1
Ja_Madariaga,2
SEDESOQueretaro,1
gobqro,1
marthagoyeneche,4
EstadisticaBA,1
marireguecorti,1
sec_trabajo,1
SaludyDSocialAr,2
marudipaola,1
IgnacioSoleto,1
CalderonBassi,1
smv2458,1
HolcimEcuador,1
farnargentina,1
erikaruiz,4
AyuntamientoVLL,1
Forbes_es,6
AuciUruguay,1
DieresisAnimal,2
aFdezMor,2
RecircUP,5
Anamasanro,7
AragonEMPRESA,1
AirFranceES,2
CSREuropeOrg,1
santidonat,1
claritzaopineda,1
LegisVer,1
PandaExpressSV,1
domingopeppo,5
AEMET_Esp,2
JoaquinCaudeli,9
ErikaTorregrosa,1
cpiaoficial,1
RepresentCol,1
sanjose_turismo,4
ivanhilliard01,3
LaBellver,5
rudymartinez66,1
Julieta_SEO,1
AguaLanjaron,2
ecoalf,2
fonturcol,1
UFILive,1
AFIDALatinAmeri,1
albmartalv,1
FundacionCanal,11
ceci_vanadia,1
alexmontevideo,2
bnmascerca,2
FiscalTrans,4
MLopezGon,1
AmbienteMuniCba,1
B_Leclerc_AFD,4
EmbEspEstonia,1
Agrifoodcom,2
ambientejujuy,3
FADE_COMUNICA,2
mercedesruizl,1
RedElectricaREE,5
lapperre,5
SNavarroCCOORM,1
mcperdices,1
EBCzaragoza,9
FOL_IE,29
marca,2
AGN_noticias,1
MDSParaguay,2
SchneiderMX,4
BrunoRguezP,1
FTelefonica_CL,4
ovelar_blanca,8
etsimontes,8
industrialesupm,1
Dejusticia,1
larazon_es,11
etsiaab,2
squadrado,1
martauim,2
SGuevara7,2
LibreriasCEGAL,4
Campofrio_es,1
PJCOMEXI,3
eugetesta,1
CCBiblio,2
Cocemfe_Aragon,2
SubCSyPCP,1
dsn,2
jpaulinich,1
rubenricano,1
IndiaUNFund,1
ASteiner,1
AENOR,1
Sonsoles_Garcia,1
pi1068,1
eleconomista,1
educacyl,2
M_LuzOrtega,3
YolandaMaya17,1
ONLBG_Spain,1
fnovaterra,1
atianaf,1
PRL_UC3M,1
ontiverosemilio,2
AEMArm,1
cequisard,3
PeterHDiamandis,1
min_ciencia,1
gloriasantiagoc,2
LobbyingSocial,2
NurFuentes,1
AguavivaNuria,3
GlobalGoals17,1
FICMECanarias,4
GC_GCiencia,1
elEconomistaes,1
amnistia,1
jaimecontrera01,1
panamamunicipio,1
igeoula,1
GanaderasenRed,1
sltcaucho,1
Vivo_Cuenca,1
cpdcaldas,1
uammanizales,1
marianmunera,1
GobiernoER,1
PNUDPanama,28
PlataformadeONG,29
CooperacionAND,13
ITCnews,3
Corresponsables,217
_celera,4
jacoblopalo,2
LAURADEVEGAF,4
santiagopinzong,17
mbellido,12
FundecytPCTEX,1
innovadoresCIP,1
AsociacionICID,31
RehapProject,7
Feique_Prensa,19
IEbusiness,5
esimpact,1
bbva,12
gitanos_org,2
lantegibatuak,2
AbuelasGamonal,1
FundacionBeQual,35
UAM_Madrid,14
TeacherPrize,5
TeachSDGs,19
carlosaguilarn,2
CEE_Paraguay,7
zulliethel,1
MEPyDRD,13
COHEPHonduras,1
FAOEcuador,17
ANDIHonduras,9
AlmudenaDiez,8
Yola_MartinezL,39
PlanPy,1
UGT_Comunica,14
kpvalarezo,3
pazosalejandro,1
MechilopezA,1
AmbienteNacion,10
TrinessSD,4
CEPES2,43
JS_Blanc,2
fbuyolo,146
CaracolRadio,2
dordonyez,4
fmorcillo,5
MdicosLasPalmas,8
jamontesg,1
nayibbukele,26
GiticUnl,11
SAGULPA_,9
elagoradiario,12
ajborriana,1
pablolabajos_ma,13
casyc,1
Casaafrica,12
Repsol,4
EAPNGalicia,6
OceaniaEMA,1
AIESEC,1
laverdad_es,5
fomentogob,5
gemalroy,2
TECHOcol,1
UNCTAD,1
apt_americas,1
CsMJe,13
economiadelagua,2
CruzRojaEsp,48
consorseguros,3
UruguayXXI,1
anarancio,1
BAVARIA_OFICIAL,2
DefensaCivilCo,1
CompromisoSAI,1
ESTEVE_news,26
uimunicipalista,16
InjuvChile,12
palencia_ana,2
Celsia_Energia,1
gjalzate,1
WorldTaekwondo1,1
paujournaliste,4
asebio,14
PepeVigara,1
nesiforum,6
MercadosdelVino,1
EUCouncil,1
CSCAE,13
Mineduc,4
NormaCerratohn,2
machivallarino,1
jrcastelazo,2
AOlveira81,7
Ambiente_Ec,101
markova25,11
La_Cuadra_Gijon,3
isaerre,3
_Isra_Cruz,7
RM_Presidencia,28
PaseoCulturalLR,1
ONUMujeres,5
MinMujer,5
PEalmeria2030,25
reds_sdsn,8
JovengoSv,6
bancoalimadrid,4
unican,17
FiscaliadeChile,1
f_f_ambiental,3
IESAtaulfoArgen,9
Vi_Simon,7
desdelamoncloa,96
ForoQyS,5
CifalMalaga,21
ricohspain,7
Cambio2030_,11
innovactoras,4
OficinaVerdeUZ,17
Yunus_Centre,15
Diego1Castaneda,1
DesmodusRecalde,1
FAOArgentina,3
fermaragano,2
i_emprendedores,4
IESAzahar,6
CIRDCapacita,4
RPL_ODS,16
DinantHN,1
PremioSacha,3
RedAgenda2030MX,5
cifi_finance,1
MineducChile,1
omarfayad,34
mercosur,4
greendrinkscba,2
COP25CL,12
diariosustentab,1
ahrenner,1
EcjZafra,4
XSolidaria,2
KnaufInsulSpain,9
ATUspain,5
CetelemSpain,3
FSanCebrian,1
infoCEPEI,57
gzapatamadrid,1
elpais_espana,2
coalicion,1
Avivir,1
sanchezcastejon,39
MariaLuisa_MX,12
PNUD_Mexico,53
Reale_Seguros,2
lci_barcelona,1
CINUmexico,37
desruralcat,6
modasosbcn,32
MarianoBaquero,6
ninosconalas,11
ccsa_sv,3
ICC_SV,3
AllendeEdu,3
gemhsm,9
Henkel,5
AndreaNallim,2
Aebanca,3
cite_ec,1
ACBJ_OK,3
anamcmonzon,5
somos_dLana,22
FMBBVA,1
AurenBlc,1
EUASE,3
JaboneroOEI,3
jgarciadv1,4
NIglesiasM,1
secuoiaa,1
ciberyolanda,20
unicomplutense,6
UmuODSesiones,2
MRGdeviaje,2
Recuenco,4
adoptabosque,3
LaChorreraVerde,1
LasMarabuntas,1
Profe_RamonRG,2
ANTAI_Panama,2
UpSocialBCN,1
AyalaEvadil,2
Ruben_Castro,3
ACNURSuramerica,1
osvaldolaportok,1
sosrefugiados,1
Refugees,1
BikeRecyclingMX,3
GeekGirlsLatam,8
GIZEcuador,2
AytoCastro,3
ICFEScol,2
VCarranzaR,1
UEenEcuador,3
TropicaliaRD,12
CascosBlancos,7
Red_Carolina,34
ucatolicamaule,2
RES2masU,7
laaleginger,1
unapcl,1
nahueloddone,26
germangranda,46
Sacyr_noticias,1
EneresEs,2
datalat,15
CRE_Villalba,10
zafra_esocial,1
aec_es,9
culturainquieta,1
DiMoVill,1
enentrenamiento,3
MAEChimborazo,5
BertelsmannSt,5
MYWorldMexico,19
A_delPacifico,1
fibraunomx,1
udeconcepcion,3
fg_ull,5
Fenacore,12
Meugeniaperezea,1
cesardargam,1
FLACSOec,1
BelchiAG,4
Angeles_Jurado,1
maguadoarnaez,2
ashoka_mx,1
malagacomotq,1
nogalino,1
goteofunding,9
CEPYME500,1
Bizkaia,1
VIRAL_MX,8
Fira_Barcelona,1
mariarubiom,5
GrupoElecnor,3
MisionCubaONUG,1
PedroPedrosoC,1
SenadoresPy,2
ana_Gsalinas,3
conacyt,1
mercados_SUL,5
FerminCerezo,1
ANGED_es,5
Ebenspain,10
mruedafe,2
paulalvarez,1
SANFI_Institute,1
elisavalumni,1
ENStatelessness,5
TendayiB,5
KotasekRafa,5
MauVila,6
ja_calle,4
LouiseAScott,1
bserranov,1
universidadgtmo,1
ADNMurcia,1
ramosmanuela,1
ARNAIZpartners,1
RSponsable,1
universidadcjc,5
Action4SD,2
OnePlanetOneSol,7
SoyCibelino,4
PanEuropa_ES,2
OITnoticias,2
SoyGuerquito,2
gina_gutierrezr,2
institucionsek,11
CNP_Partners,3
unia,1
HumanAgeInsES,2
AnimalSoundFest,71
Bankia,12
presidencia_sv,6
ColegioESoler,11
cncuvenezuelau1,36
ArtesIndigenas,8
JuventudLAC_MX,3
IOMDevFund,2
Appco_es,5
CNBMex,1
Ajuntamentsab,1
hiperterminal,6
HaroldNaranjoC,6
FJAbandonado,3
GobiernodeChile,4
ExploraLeon,1
MaquitaBolivar,11
minsaude,1
onumujeresEcu,2
aandreup,1
Accor,1
icemar_uvigo,4
SonyaGuerraLpz,29
GabrielFerrero1,20
FVarazdin,2
SekElCastillo,5
iesburgoie,1
GWPCEE,1
unaisanma,1
EmmanuelMacron,1
AmaliaLopezAcer,1
eliastorresa,1
PSuipacha,2
AndreaniOk,1
TheGlobalGoals,2
Albert_Rivera,1
LegisAbiertaMza,2
UNCUYO,3
UNDESASocial,2
closcadesign,1
DelphiNor_,1
eusebiocordoba,2
JoanaMoscoso,1
EscuSostenible,1
FLMadrid,8
BrissiaBenavent,1
scout_es,29
DimitriZV,1
c40cities,5
danielnewball1,1
OECD_PCSD,3
BegonaCabanes,2
aprendizmusical,1
loposible_ok,7
ArviInnovapesca,1
JanecunRamos,4
Julia_Moreno_,1
centro8marzo,1
FAOHonduras,4
iesginer_org,5
manuelbonilla94,9
paradigmate,1
Adriana37390855,5
Colciencias,3
Ventaja_FM,6
VivirenEspana,3
PIF_Unizar,7
EmilioGuerraD,2
NoticiasdeAlava,2
FissaMalaga,4
parcan,1
eleduja,1
SinTrabinfantil,4
WEPrinciples,1
uzcultura,4
ampliadodeltren,1
CerealtoSiro,1
coa_LZ,2
UNDPLive,1
Lateral_Diseno,4
FilmotecaMurcia,3
GobiernoSalta,1
fonspitius,2
samperio_vero,1
PielagosADL,1
EJPielagos,1
santander_es,7
smartcityclust,1
OrgSoriana,3
UNICEFenEspanol,1
UAHes,3
Proexport_Spain,1
FloridaGYM,1
FerVilchisMx,1
GIAndradeP,11
torreviejaturis,2
martagarciamtz,1
AnttonAlza,1
D_intCADIZ,3
EarthCheck_,1
ElFinanciero_Mx,1
jkepler_ec,25
SancorSeguros,4
CapiZapataEC,40
DCTA_ETSAM,1
cientifica_sur,8
MCJ_CR,1
Chubb_Seguros,4
loles_leon,1
TUDCN_rscd,1
amandafeldman,1
Jovenes_Mov,1
cgtrabajosocial,6
CumbreIberoA,3
LuisRevillaH,9
astro_duque,2
PuertodeCtg,33
_agricool,1
BBVAFrancesArg,2
nobbot,1
Standards4EU,5
AyudemosONG,1
olivergleusteen,2
ecorina,4
SipinnaPuebla,1
lulaballarino,2
jmoisesmartin,4
deustoEmprende,5
CaracasPlural,4
OscarLongares,1
nfvega,3
TechnovAragon,4
MissionBlue,1
PabloZambranoA,1
FundPopular,3
afrancorpo,1
aromeroa,1
el_ICTJ,1
accelerate2030,2
RPPNoticias,2
VisionariumNYC,2
laliii,2
ijnetEs,5
EnergiaRM,1
MinEnergia,1
R_Empresa,1
OLACEFS_oficial,12
danielduquev,11
alflaserna,1
ingcesarhdez,1
independienteco,1
mjgsm,7
LNPP_MX,27
WinWinCEF,1
MarioCimoli,1
MorenoMunicip,2
Ferfollos,10
josebellver_,1
ISMedioambiente,4
SaboraMalaga,1
fuertehoteles,5
UNSA_Spain,4
aromero_INFO,3
Juventud_Parla,1
juanverde,2
PG_Espana,1
GrupoInclam,3
MendezLeo06,1
DinersClubEC,1
BeatrizArribas,10
qosITconsulting,3
ComunicaValor,3
nanetegarces,1
centroplaza_,1
europeaid,1
JLBlasco_me,2
JMLanzaPV,2
iElenaR,6
graphenstone_b,1
RicardoNavas77,1
CEUAndalucia,4
Eurada_RDAs,1
MatthijsvBonzel,12
crisgabarron,1
mapi_villaveces,1
AdapteCCa,2
LomanaGloria,2
jurlaceramica,6
imcomx,1
Shareaholic,1
alternativaver1,1
pousuazo,1
RotaryES,5
inakigabi4,2
PROCOLOMBIACO,1
clear_lac,1
OrsiYamandu,1
DaniPatinoCCOO,8
asungomezperez,13
SwedeninGT,18
benacazon,2
NLinSpain,15
Daniel_Masso,2
jbparalax,2
AnnaBerga_,25
mjesusye,1
rocionahle,1
Isabell_Buschel,1
LelePinera,1
AGCICHILE,1
Arauco_cl,4
opengovpart,1
martinsaladillo,3
nuriabalada,1
LosFoodistas,1
UOCbiblioteca,4
AzucarHonduras,1
Jmorsa,17
AyuntamientoCV,1
irvalpoSocial,1
I2ImpactSocial,5
PtoMorelosAyto,1
LFpuertomorelos,1
gilliantett,2
CdEconomia,2
Hermesprometeo,1
BAMXPuebla,1
ayt0r,2
RevoluSenior,1
MaritaVillone,1
UNICEFParaguay,1
jmnadie,1
ItziarRosadoMor,1
LHMenendez,2
mercamurciainfo,1
IvnWilliams1,1
redecim,2
elonmusk,1
MCorajeONGD,1
ACRundp,4
buzondeuri,2
ctxt_es,1
Mtlch50,1
Objetivos2030,1
navarro_alb,1
UEenColombia,3
ohchr,1
santiago_azulay,1
asosaber01,1
Directivas_ARGN,1
spencercalderon,1
soniaruizmas,1
Agriculturers,1
