hashtag,numero
ODS,9661
Agenda2030,2219
RSE,440
sostenibilidad,375
ods,337
DesarrolloSostenible,317
DiaMundialDelMedioAmbiente,313
Sostenibilidad,275
Imperdible_04,221
SDGs,205
EA26,193
DíaMundialDelMedioAmbiente,186
CasoPráctico,174
AnuarioCorresponsables2019,145
CambioClimático,145
empresa,120
España,111
RSC,110
ONU,110
MañanaEmpiezaHoy,105
GlobalGoals,93
TrabajoInfantil,88
EconomíaSocial,85
innovación,84
InvestigaInnovaUTPL,80
Desertificación,79
MedioAmbiente,77
desarrollosostenible,75
Sequía,75
EducaciónAmbiental,70
educación,67
medioambiente,67
agenda2030,66
EntrevistasEthic,63
JAnuario2019MAL,62
sostenible,61
15AñosDePacto,61
AHORA,59
AcciónClimática,59
igualdad,58
ClimActitud,58
mujeres,56
zerowaste,55
ODSTierradelFuego,54
InformeCotec,54
IgualdadDeGénero,53
sdgs2030,51
SDG,51
ODS5,51
Ecuador,49
HockeyTuc,48
ForbesSTB,48
HambreCero,47
webinar,46
México,45
IS2030,44
DDHH,43
DerechosHumanos,43
EconomíaCircular,42
Madrid,41
podcast,41
CooperativasdeEnseñanza,40
ONG,40
ENVIVO,40
ECU911,40
AliadosODS,39
bibliotecas,37
PARLASUR,37
pymes,36
sustainability,36
JuegoLimpio,36
Educación,35
Gobierno,34
empresas,34
CorresponsablesTV,34
ODS8,33
TeachSDGs,33
SectorPrivado,33
discapacidad,33
CambioClimatico,33
ODSTerritorio,33
AgenciaPARLASUR,33
A2030Iberoamérica,33
DerechoAlAgua,33
Puebla2030,33
DíaMundialdelMedioAmbiente,33
Innovación,32
ODS17,32
Desarrollo,32
ForoCruzRojaODS19,32
economiacircular,32
ciencia,32
género,32
DiaMundialDeLosOceanos,32
Campusyuste,31
salud,31
TercerSector,31
DíaMundialContraElTrabajoInfantil,31
TransicionEcológica,31
13legislatura,31
pobreza,30
rse,30
EliteSDGs,30
sustentabilidad,30
Agua,30
ODS14,30
SSE4SDGs,29
JAnuario2019CAN,29
GDM,29
sustainabledevelopmengoals,29
EDD19,29
Echo,29
SST,28
desigualdad,28
buenasprácticas,28
cultura,28
3ra,28
ConsejoNacional2030MX,28
ODS11,28
WorldEnvironmentDay,28
futuro,27
SinContaminaciondelAire,27
desarrollo,26
app,26
Ahora,26
SinContaminaciónDelAire,26
ods_edu,25
ComercioJusto,25
alianzas,25
Venezuela,25
XEmpresaSolidaria,24
eficiencia,24
ODSEcuador,24
Biodiversidad,24
cooperación,24
Salud,24
energía,24
niñas,24
OrganizacionesCorresponsables,23
economíacircular,23
GobiernoAbierto,23
blog,23
ODS12,23
ISR,23
3enRed,23
alimentos,22
educacion,22
ODSArgentina,22
Reaprovéchalo,22
cambioclimático,22
innovacion,22
FelizLunes,22
Junio,22
quimica,22
AyudaACharly,22
DiversidadSinEtiquetas,22
Prevencia2019,21
Guadalupe,21
biodiversidad,21
DíaInternacionalDeLaLuchaContraElUsoIndebidoYElTráficoIlícitoDeDrogas,21
UTPL,21
Damas,21
EmpresasPactoGlobal,21
Málaga,21
ODS2,21
Trabajo,21
2030Agenda,21
EcuadorRSE,21
TIC,20
rsc,20
inclusion,20
DíadelaAdministraciónPública,20
Primera,20
Veracruz,20
contaminación,20
SabíasQue,19
LoPequeñoEsHermoso,19
energiasrenovables,19
NuevaAgendaUrbana,19
comunicación,19
Concurso,19
fotografia,19
MAÑANA,19
aliadosODS,19
DiaMundialDeLaBicicleta,19
DíaMundialdelosOcéanos,19
ODS9,18
Granada,18
ODS16,18
Geotermia,18
ObjetivosDesarrolloSostenible,18
EcuadorSostenible,18
modasostenible,18
ciudades,18
Empresas,18
Digitalizadas,18
UNED,18
AnuarioCorresponsables,18
challenge,18
NacionesUnidas,17
participasocial19,17
EscuelaDeValores,17
empresasocial,17
Igualdad,17
EVE19,17
TrabajoDecente,17
ODS4,17
ODS15,17
MunicipiosDeMéxico,17
GrupoSepi,17
mustread,17
Axenda2030,17
DiaInternacionalRemesasFamiliares,17
FinanzasParaLaNaturaleza,17
inversióndeimpacto,17
CDPD,17
PECIV,17
ODS1,17
PACODE,17
YoungPeopleProgramme,16
FridaysForFuture,16
África,16
Latinoamérica,16
Turismo,16
emprendimientosocial,16
APIEBBVA2019,16
Justicia,16
sostenibles,16
planeta,16
Presidencia,16
Violencia,16
Innosvaciónsocial,16
Campamentos,16
ViolenciaDeGénero,16
DíadelMedioAmbiente,16
mundosostenibleue,16
diversidad,15
industriaquimica,15
SW2019,15
greenwashing,15
CasaSustentable,15
agua,15
Cooperación,15
PactoMundial,15
ObjetivosGlobales,15
compromiso,15
ODS3,15
TardesDeGaraje,15
Comercio,15
UIM,15
Caribe,15
mujer,15
grupos,15
festivales,15
música,15
EconomíaAzul,15
CajaHerramientasODS,15
PRAE,15
AndalucíaODS,15
autónomos,15
Agenda203,14
ODS7,14
EmpresaSostenible,14
VIDEO,14
ObjetivosDeDesarrolloSostenible,14
voluntariado,14
Honduras,14
Industria,14
HolaGranada,14
Falcon,14
FamiliasDeHoy,14
FelizMartes,14
turismo,14
estrategia,14
EmpresasCEADS,14
COMPROMETIDOS2019,14
problemática,14
Medellín,14
Aragón,14
DíadelRefugiado,14
unarbolunavida,14
COMPANIES4SDGs,14
Hablamed,14
Sevilla,14
MERCOSUR,14
MYWorld,14
TejedorasRurales,14
Paraguay,14
derechos,14
Axaxacualco,14
pnlamatatorrevieja,14
LATAM,14
SinContaminacióndelAire,14
DíaMundialDeLaBicicleta,14
P4G,14
Fairtrade,13
Pobreza,13
tecnología,13
creatividad,13
Sustainability,13
impacto,13
Uruguay,13
Sustentabilidad,13
ODS6,13
emprendimiento,13
Anual,13
Paz,13
renovables,13
fundaciones,13
64Sesión,13
ClasificatorioB,13
calidad,13
Valencia,13
Comunicación,13
COP25,13
Podcast,13
hambreCero,13
DiaMundialContraelTrabajoInfantil,13
Competitividad,13
DíaMundialMedioAmbiente,13
Océanos,13
TerrazaVerde,13
NADUCA,13
uecoeagenda2030,13
EmpresaFamiliar,13
ObjetivosDesarrolloSostenibles,13
LOGÍSTICA,13
HoyNosVisita,12
industria,12
CiudadaníaGlobal,12
Cultura,12
TransformaciónDigital,12
IoT,12
UNESCO,12
liderazgo,12
transiciónenergética,12
transparencia,12
Soy2030,12
DiaMundialDelArbol,12
ICFM,12
LaudatoSi,12
Argentina,12
buenosdias,12
empleo,12
urbanismo,12
responsable,12
ConsejoNacional2030Mx,12
Foro,12
Hockey,12
FIHProLeague,12
Bolívar,12
Córdoba,12
DestaponalaUsal,12
UnPlanetaSostenible,12
Yucatán,12
DiaInternacionaldelMedioAmbiente,12
Cantabria,12
BeatAirPollution,12
ForoRegional,12
DíaDelReciclador,12
Corresponsables,11
Misiones,11
normas,11
herramientas,11
logro,11
ITAIPUBinacional,11
Bibliotecas,11
RegióndeMurcia,11
BuenosDías,11
Evento,11
SmartChemistry,11
Hoy,11
ideas,11
cosmoACCIÓN19,11
UN,11
DiaMundialDelRefugiado,11
ElSalvador,11
clima,11
Europa,11
MarcoDeSendai,11
emprendedores,11
InteligenciaArtificial,11
InnovaciónSocial,11
CSR,11
PactoMundialMéxico,11
Ods,11
imperdible_04,11
GastronomíaSostenible,11
PEAS,11
Huatulco,11
ASG,11
CEPAL,11
modernizacionderegadios,11
Alianzas,11
SDG11,11
SalvadorRueda,11
ManuelFelipeOlivera,11
ManuelGil,11
UnSpotParaDecirStop,11
SanidadPública,11
HospitalMiguelServet,11
OIT100,11
QuintanaRoo,11
AdiósAlPlástico,11
ORP2019,11
DiaMundialMedioAmbiente,11
Panel,11
temperaturas,11
emergenciaclimatica,11
conbici,11
MartinGarcia,11
SemanaISR19,11
FondoODS,11
TuEconomia,11
CongresoCI5,10
NoHayPlanetaB,10
Companies4SDGs,10
ODSPymes,10
ResponsabilidadSocial,10
Agenda,10
Curso,10
reciclaje,10
Vacunas,10
Empodérate,10
digitalización,10
Zonal7,10
ElOro,10
ODSmx,10
ODS13,10
Aigua,10
plástico,10
UCJC,10
SDG9,10
Navarra,10
PolíticasDeDesarrollo,10
MakeItHappen,10
Huesca,10
20J,10
DiaMedioAmbiente,10
Iberoamérica,10
SoyRSE,10
Bienestar,9
H2020,9
AgriculturaFamiliar,9
Panamá,9
DesarrolloHumanoSostenible,9
educacionambiental,9
EpD,9
blockchain,9
CompromisoESTEVE,9
PlanEmpleoCruzRoja,9
ObjetivosdeDesarrolloSostenible,9
Solidaridad,9
ObjetivosMundiales,9
inclusión,9
OnTheBlog,9
UNHabitatAssembly,9
LaHabana,9
SomosCuba,9
naturaleza,9
consumo,9
empoderamiento,9
MODS,9
LasPalmasdeGranCanaria,9
ResilienciaParaTodos,9
PactoGlobalParaguay,9
ARISEMX,9
ESG,9
igualdaddegénero,9
3erEncuentroVoluntariado,9
innovaciónsocial,9
PNUD,9
RetoUnilever2019,9
NUTRINACION,9
tecnologia,9
ForodeModaSostenible,9
bibliotecarios,9
COP21,9
ABP,9
VisualThinking,9
PorLosJóvenes,9
ODS10,9
RS,9
SEGIB,9
SeguridadAlimentaria,9
DatosCiudadanos,9
biblioteca,9
sdg,9
Malaga,9
EDDHH,9
ODSEmpresasRD,9
Quito,9
oportunidades,9
Oaxaca,9
JóvenesYGobiernoAbiertoCba,9
Colombia,9
ThinkTwice,9
DesarrolloSustentable,9
Galicia,9
Chile,9
Autónomos,9
LasLeonas,9
SaludMental,9
TSS19ODS,9
revoluciónIMPACTO,9
50añosCoops,9
Siria,9
sociedad,9
AlejandroLeón,9
DíaMedioAmbiente,9
mHealth,9
eHealth,9
FabLab,9
junio,9
ClasificatorioA,9
muchoporhacer,9
SinContaminación,9
EcuadorAgroalimentario,9
ViviendaSustentable,9
LabJoven,9
Loncopué,9
Mujerescontraelcancer,9
plasticfree,9
Tenerife,8
ideación,8
Medioambiente,8
streaming,8
innovacionsocial,8
FENAMM,8
comunidad,8
SmartCities,8
Energia,8
ESR,8
BigData,8
PANIDDHH,8
sustainabledevelopmen,8
migración,8
ESS,8
Agenda2030Africa,8
ciudadessostenibles,8
retos,8
ParticipateInSDGs,8
Minería,8
BBVA,8
Caballeros,8
FGI2019,8
salvemoselplaneta,8
hábitat,8
reciclar,8
Ponferrada,8
ODSEmpresas,8
social,8
sdgs,8
hambre,8
Entrevista,8
AnualA,8
pyme,8
Bilbao,8
españa,8
FinDeLaPobreza,8
NoDejarANadieAtrás,8
startup,8
COP24,8
AprendizajeCooperativo,8
planesdetrabajo,8
Asambleas,8
mediadores,8
Democraciaenelaula,8
Sociopacto,8
Agenda2030MX,8
Puebla,8
VoluntariadoCorporativo,8
SmartagrifoodSummit19,8
Congreso,8
PYMEL,8
Habilitadosnacionales,8
Padrinazgo,8
sectorprivado,8
cambioclimatico,8
MAPFRE,8
jóvenes,8
sinhogarismo,8
Corrientes,8
cities,8
BasuraCero,8
Arroyomolinos,8
CiudadesenTransición,8
F4TF,8
Mercosur,8
PPD,8
Líbano,8
Instituciones,8
AquíTambién,8
HxJS,8
Agenda2030Esp,8
ods17,8
AmericaLatina,8
EncuentroSIGRE2019,8
ExpediciónCOCEMFE,8
Mujeres,8
VCongresoAPLU,8
Canelones2040,8
plastico,8
1bach,8
PeriodismoAmbiental,8
medios,8
A2030Iberoamerica,8
científicos,8
SemanaISR2019,8
SPIEF2019,8
AtúnPescaResponsable,8
GabySánchez,8
diadelmedioambiente,8
carapazcampeon,8
documentales,8
utopias2019,8
ODSLocalAndalucía,8
Comunicado,8
Pymes,7
MSMEDay19,7
aporofobia,7
ExclusiónSocial,7
Tecnologia,7
QuímicaSostenible,7
TeacherForFutureSpain,7
SDGs4,7
Energía,7
Canadá,7
Colón,7
4IR,7
VinculaciónUTPL,7
ahorrodeagua,7
OSC,7
onu,7
corresponsables,7
Progreso,7
Transparencia,7
Aragon,7
DiaSolidario19,7
PactoGlobal,7
SanVicentedelaBarquera,7
Concienciacion,7
AnualB,7
formación,7
GenteBHDLeón,7
Video,7
EmpoderaxlosODS,7
Zaragoza,7
AGENDA2030,7
familia,7
cruzroja,7
Montevideo,7
ComunasVerdes,7
ddhh,7
LaCaja,7
YoPrometo2030,7
IFLA,7
micropyme,7
bienestar,7
territorio,7
yoprometo2030,7
FiscalidadYGénero,7
IcefiComunicado,7
Cisneros,7
OperacionesUrbanasIntegrales,7
SustainableDevelopment,7
Armenia,7
Coherencia,7
ODSTerritorioEcuador,7
colaboración,7
Barcelona,7
Espana,7
Andalucia,7
alumnos,7
Desenvolvemento,7
Sustentable,7
CMSI,7
Ambiente,7
Plásticos,7
MaltratoVejez,7
WorldElderAbuseAwarenessDay,7
comunicacion,7
fintech,7
proyectos,7
Institucionalidad,7
plásticos,7
PremiosSocialesFM,7
brechasalarial,7
AlMomento,7
clasificatorioB,7
ImagenesSINderechos,7
CeroTrabajoInfantil,7
municipios,7
disuocproject,7
Día9ODS9,7
EnDirecto,7
DíaMundialDeLosOceános,7
boicotalplastico,7
cotec,7
EmpresaCEADS,7
Municipios,7
RevistaHolaTelco,7
globalgoals,7
Pensiones,7
DíaMundialDelMedioambiente,7
sostenibibilidad,7
FPeuskadi2019,7
internacionalización,7
UPOProyecta,7
workshops,7
diamundialdelmedioambiente,7
IFEMA,7
SUMAmascercadeti,7
Día4ODS4,7
SELA,7
PRL,6
TICAmericas,6
monetizarvalorsocial,6
FelizJueves,6
ConsumoResponsable,6
mundorural,6
Voluntariado,6
VidaSubmarina,6
ElciaGrandcourt,6
IA,6
Avance,6
Comunidad,6
MutualDeVoluntarios,6
VíctimasDeLaTortura,6
EmasagraDISS,6
Economía,6
Quimica,6
QData,6
solidaridad,6
ambiente,6
FeriaDelLibroLaRioja2019,6
A22Manes,6
Comprometidos,6
sustentable,6
Negocios,6
prevencia2019,6
SMR,6
energíarenovable,6
edificio,6
RRD,6
Sostenible,6
participación,6
medidas,6
agricultura,6
PatagoniaSostenible,6
Chubut,6
Reforestamos,6
ShapingSur,6
MujeresEnCiencias,6
ESTEVE,6
responsabilidadsaludable,6
Unilever,6
Alterna,6
PactoxLosODS,6
DondeTodosContamos,6
CooperaciónIberoamericana,6
PedroMMoreno,6
PremiosFundamed,6
EUSEW19,6
OpenExpo2019,6
energia,6
TransformacionDigital,6
global,6
Unesco,6
Energíarenovable,6
CiudadaniaYParticipación,6
DiplomadoEnSostenibilidad,6
15AnosDePacto,6
EmbajadoresDigitales,6
EconomiaCircular,6
EnCaminos,6
BibliotecasSostenibles,6
reconocimientos,6
AsambleaCEPES2019,6
EntreRíos,6
inequality,6
innovadora,6
Universidades,6
desertificacion,6
foromodasostenible,6
Guatemala,6
DíaMundialdeLuchacontralaDesertificación,6
FacebookLive,6
comercial,6
plantar,6
casacomun,6
reutilizado,6
laudatosi,6
Educacion,6
mundo,6
ConcursoFotoODS,6
dialogosmedellin,6
ComoVamos,6
ServiciosBásicos,6
Calatayud,6
Tecnología,6
EquipoEnisa,6
BizBarcelona19,6
premiosunicef2019,6
cosp12,6
healthcare,6
cursodatosODS,6
conocimiento,6
VoluntariosACCIONA,6
seguridad,6
ACCIONA,6
CORIA,6
FuturosCanarios,6
4CIR,6
huelva,6
ceroplastico,6
CeneamSIEA,6
summeriscoming,6
EUinmyRegion,6
FondosUE,6
Día2,6
ODSJK,6
EmpresasConPropósito,6
Parlamento2030,6
APAMS,6
MolinadeSegura,6
DiaMundialdelMedioAmbiente,6
DíaMundialdelMedioambiente,6
sectortextil,6
4Jun,6
13AñosMisiónÁrbol,6
SinPlastico,6
MinisteriodeTrabajo,6
GreenNewDeal,6
alimentación,5
Andalucía,5
Celerados,5
SantaCruzdeTenerife,5
sociedadcivil,5
transformaciondigital,5
congresoandesco,5
GESF2019,5
GESF,5
Changemaker,5
VarkeyTeacherAmbassadors,5
TeacherPrize,5
bibliotecario,5
JuventudesYa,5
regantes,5
AhorroEnergético,5
SesiónPlenaria,5
InecoDay2019,5
Confiarse,5
Planeta,5
Canarias,5
EducaciónParaElDesarrollo,5
Liderazgo,5
UNTFSSE,5
Investigación,5
cooperativas,5
accióneducativa,5
empresascomprometidas,5
accesibilidad,5
Observatorio2030,5
EscucharHablarHacer,5
SeguridadVial,5
DermaTropical,5
SkinNTDs,5
CongresoPactoGlobal,5
vehículoeléctrico,5
marcas,5
MesDelDesarrolloSostenible,5
Ginebra,5
CampusYuste,5
ecosistema,5
ClimateChange,5
Sabíasque,5
mentor,5
RegiondeMurcia,5
Panama,5
SanJuan,5
bosques,5
EficienciaEnergetica,5
empresafamiliar,5
ForoCiudadesMad,5
Sociedad,5
ANEPMA,5
huelladecarbono,5
compliance,5
JusticiaSocial,5
bigpolluters,5
Veraluna,5
AI,5
verano,5
objetivosdesarrollosostenible,5
juventud,5
HablameD,5
Ibérica,5
Data4SDGs,5
consumoresponsable,5
ecología,5
Equidad,5
startups,5
Trivia,5
20aniversarioCopade,5
cadenadevalor,5
aquanex,5
PYMES,5
APSArgentina,5
villavicencio,5
colombia,5
reflexionemos,5
CDMX,5
DocumentosDeTrabajo,5
CómoVamos,5
CaravanaDelCambioDFC,5
ICanSummit2019,5
VIP,5
VeryInvolvedPeople,5
ODSUGR,5
MargaritaPorElDesarrollo,5
reto,5
LaB_E,5
StartupChallenge,5
jovenesyGobiernoAbierto,5
ciudadania,5
accesoalainformacion,5
diagastronomiasostenible,5
rural,5
ComunidadAEC,5
Discapacidad,5
XIVEncuentroEspañaCuba,5
DíaMundialDelÁrbol,5
28J,5
Gastronomía,5
talento,5
SDG10,5
Utopias2019,5
NewYork,5
investigación,5
Solaria,5
PlandeAcción,5
DíaNacionalDeLasLenguasdeSignos,5
ayuntamientos,5
responsabilidadsocial,5
RedENT,5
Oxigénate,5
FLM19,5
PaísVasco,5
producción,5
trabajodecente,5
FeriaLúdica,5
NuevaHelvecia,5
instituciones,5
organizaciones,5
Enisa,5
DiaTrabajoInfantil,5
Durazno,5
residuos,5
MujeresconS,5
Generacion81,5
reputación,5
competitividad,5
universidad,5
economía,5
ESO,5
OME,5
ArítuculoVP,5
NuevoPNUD,5
UNEDMadrid,5
ciudad,5
agroalimentaria,5
variedad,5
sabor,5
ForoImpacto,5
DíaMundialDeLosOcéanos,5
WorldOceansDay,5
MujeresEnCienciasEC,5
DiaMundialdelosOceanos,5
Día1,5
FSJDInnova19,5
EUBudget,5
ambiental,5
AECID,5
ecodelegados,5
Acelera2030,5
QLife,5
BIBLIOTECA,5
LAELIPA,5
APS,5
PorUnMundo5050,5
crisiclimatica,5
Empresa,5
FidelCastro,5
DíaDelMedioAmbiente,5
33DiálogodeEducación,5
SomoslaRaíz,5
MesdelMedioAmbiente,5
Tam,5
boicotalplastico2019,5
TransparenciaFiscal,5
SALC2019,5
cienciaciudadana,5
sustainabledevelopment,5
Mundo,5
CooperaciónMultiactor,5
SchneiderElectric,5
latam,5
DiplomaciaCientifica,5
Lacomunicaciondelvalor,5
conocimientoabierto,5
ForoFSN,5
Convenios,5
Vinculación,5
Dependencias,5
Reciclatron,5
PorElClima,4
Latam,4
Retolaza,4
Murcia,4
EducationForAll,4
SabíasQué,4
SmartCity,4
NadieAtrás,4
Agricultura,4
MaresLimpios,4
movilidadhumana,4
Pasapalabra,4
ea26,4
OlaDeCalor,4
Perú,4
IGTV,4
DesarolloSostenible,4
WorldGovSummit,4
TuesdayThoughts,4
ReinaMatilde,4
AguaySostenibilidadAmbiental,4
sordas,4
feminismo,4
hoteles,4
genero,4
ChangeMakers,4
ILO100,4
RT,4
SDG14,4
FundaciónMelior,4
especial,4
SeguridadSocial,4
OGP,4
Morelos,4
AnualC,4
Cambio,4
Passivhaus,4
UTNSustentable,4
Santiago,4
BuenLunes,4
monedalocal,4
Varamedí,4
estrategiaempresarial,4
prl,4
reciclado,4
MadridCentral,4
FelizDomingo,4
Cali,4
GobiernoDeMéxico,4
chile,4
agentesdecambio,4
resiliencia,4
Artículo,4
Solá,4
MAGNETIC,4
dih,4
humanidad,4
DERECHOSHUMANOS,4
UnGlobalCompact,4
crecimientoeconómico,4
Advocacy,4
SmartAgrifoodSummit19,4
logística,4
Is2030,4
EnEsteMomento,4
ecoinnovacioneducativa,4
dLana,4
wool,4
Pyme,4
FiestaDeLaMusica,4
FeteDeLaMusique,4
consumocoherente,4
Xalapa,4
villavicenciometa,4
sectorpúblico,4
APCI,4
infraestructuras,4
PatrimonioCultural,4
DesignForChange,4
ParaguayDeLaGente,4
PartenariadoEspañaEcuador,4
valores,4
IDP,4
Acreditación,4
TurismoResponsable,4
FreeSoftware,4
FEFCMadrid,4
SantaCatalinadeSena,4
IICDS,4
Actúa,4
DependeDeTi,4
TúPonesElColor,4
sociopacto,4
VPremiosMdR,4
responsabilidad,4
FAO,4
FelizMiércoles,4
DianaRueda,4
ArteTerapia,4
cooperacion,4
Euskadi,4
loposibleseaprende,4
entrenandoparalavida,4
Desigualdad,4
GobiernosLocales,4
KnaufInsulation,4
periodista,4
DíaDeLaGastronomíaSostenible,4
NoDesperdicio,4
PremisBlanquernaImpulsa,4
Compromiso,4
AcuerdoDeParís,4
Cooperativas,4
165M,4
CooperaciónTriangular,4
ARGENTINAVOLUNTARIA,4
Smartcities,4
Mendoza,4
ColoquioUCJC,4
ecosistemas,4
Bruselas,4
UE,4
genz,4
India,4
DíaNiñoAfricano,4
DerechosdelaInfancia,4
Duitama,4
Paipa,4
Boyacá,4
sustainable,4
Gobiernoabierto,4
biomasa,4
icemar,4
proyectodepais,4
Lanzamiento,4
coherencia,4
FarmHub,4
VidaSana,4
mgp,4
DiaMundialContraTrabajoInfantil,4
RSA,4
trabajoinfantil,4
MinecraftChallenge,4
comunidades,4
HablóSoniaM,4
LaVozDeLosSinVoz,4
incubadora,4
aceleradoras,4
nuclear,4
eerr,4
CopaAmérica,4
InstitucionesFuertes,4
CICIG,4
EuropeAid,4
UniónEuropea,4
NoSinMujeres,4
TrabajoIfantil,4
100Voces,4
planificación,4
YoMeMuevoXlosODS,4
DiadelLibro,4
uim,4
objetivo8,4
CooperaciónEspañola,4
AgendaDelCambio,4
ProyectoDePaís,4
YABT,4
CrecimientoVerde,4
PublicacionesPNUD,4
PresupuestoAbiertoGT,4
NINIs,4
ERNC,4
CTI,4
tercersector,4
AccionesPNUDVzla,4
descarbonización,4
DISEÑOYPLANIFICACIÓN,4
CastroUrdiales,4
IllesBalearsSostenibles,4
Mallocasostenible,4
AsambleaGeneral,4
SalvarnuestroOcéano,4
packaging,4
SAVETHEDATE,4
CátedraAEGE,4
Metrogas,4
Coquimbo,4
Habilidades21,4
robotica,4
Andigráfica,4
ESDW,4
INFOinnovacion,4
RIS3Mur,4
especializacion,4
inteligente,4
DiaMundialDelAmbiente,4
Medioambiental,4
SOStenible,4
agroecología,4
Avanzamos,4
FORBESSTB,4
diamundialmedioambiente,4
CCAA,4
SLR,4
Bolsa,4
SPS,4
dialogoimprobable,4
ea26con_teresaribera,4
NextLibrary2019,4
DiaMundialdoAmbiente,4
acciónclimática,4
NegocioResponsable,4
EncuentroEmpresarial,4
EBC,4
Amazonía,4
maskchallenge,4
cicat,4
RetoGlocal,4
puertosyODS,4
Holanda,4
3Jun,4
PJCOMEXI,4
desarrolloglobal,4
LocalizingSDGs,4
MasteringBusiness4ALL,4
Sitges,4
DiseñoRegenerativo,4
CNCPS,4
industria40,3
MSMEDAY19,3
fairtrade,3
contabilidadsocial,3
AEMME,3
Participación,3
UNLEASH2019,3
DesarrolloHumano,3
Twitter,3
3enred,3
FelizMiercoles,3
Blog,3
valor,3
ValorCompartido,3
EconomiaNaranja,3
CONFIARSE,3
taller,3
EducacionAmbiental,3
Expoalimentaria2019,3
EficienciaEnergética,3
SocialEconomy,3
Entreculturas,3
derecho,3
designthinking,3
regadío,3
PMA,3
transformacióndigital,3
RedesTeInvita,3
multisectorial,3
NoDejarNadieAtrás,3
EmpresaSocial,3
TransiciónEnergética,3
UNGlobalCompact,3
TripleBalance,3
Compliance,3
derechoshumanos,3
minería,3
Water,3
Innovation,3
demoday,3
socialdinapp,3
EMA,3
lanave,3
indispensable,3
cumplimiento,3
liderazgosostenible,3
orgulloresponsable,3
65añosOISS,3
ClimateAction,3
CEUViews,3
ecuatorianos,3
bicicletas,3
SDGS,3
OMS,3
Jáchal,3
Sinemociónnohayaprendizaje,3
innovacióneducativa,3
colegioconcertado,3
Oviedo,3
Tech4Good,3
universidades,3
DíaDeLaAdministraciónPública,3
Igualdaddegénero,3
gastronomia,3
TurismoSostenible,3
Emprendimiento,3
CompromisoBHDLeón,3
is2030,3
retounilever,3
LAC,3
SimposioInternacional,3
HeForShe,3
entrevista,3
BuenViernes,3
Zamora,3
Infancia,3
ComercioResponsable,3
FelizFinde,3
YunusenMéxico,3
FundaciónPlanificable,3
habitantes,3
CuencaLagoLlanquihue,3
TaniaRíos,3
FundacionCormidom,3
RepublicaDominicana,3
colaboracion,3
magia,3
conciencia,3
cambio,3
LEO2019,3
DesarrolloEnTransición,3
Naturaleza,3
CO2,3
AlianzaODS,3
OtroMundoEsPosible,3
datos,3
SomosONU,3
DevinTransition,3
Regions4Dev,3
Clima,3
NoDejarAnadieAtrás,3
Madryn,3
Esquel,3
Patagonia,3
PDE,3
EstadisticasTerritoriales,3
DesperdicioAlimentario,3
Youtube,3
recording,3
session,3
live,3
instrumental,3
elmataderorecords,3
tapes,3
desarrollorural,3
climatechange,3
ODS2019,3
SaludGlobal,3
NTDs,3
oceanos,3
Emprendedoras,3
AIDIPE2019,3
InvestigaciónEducativa,3
EducaciónComprometida,3
TransformaciónSocial,3
reforestaciónurbana,3
pactomundial,3
Tss19Ods,3
VNRs,3
Mañana,3
Manizales,3
ODS2030,3
GeneraciónSTEAM,3
CorazónPúrpura,3
girlsintech,3
Futuro,3
InocuidadAlimentaria,3
PactoMundialEspaña,3
redecim,3
cooperacióninternacional,3
infraestructura,3
ConsensodeMontevideo,3
Vida,3
ChileSinPlástico,3
compostabilidad,3
provisinplastico,3
Solar,3
EbroFoods,3
UnicajaBanco,3
ImpactoSocial,3
desperdicioalimentario,3
coloquio,3
aprendiendo,3
DialogosMedellin,3
premios,3
MyT,3
Montilla,3
FamilyRemittances,3
SDG15,3
pactoglobal,3
CNPPartners,3
montilla,3
indicadores,3
Spain,3
crisisclimatica,3
MananaEmpiezaHoy,3
Conferencia50JMB,3
MigraciónLaboral,3
AgendaCiudadanaGT,3
Coaching,3
InfraestructuraDigital,3
EstadoAbierto,3
Columning,3
FuturodelTrabajo,3
LorenaBarba,3
animalsound,3
AméricaLatina,3
KPI,3
kyoosungnoh,3
productividadcaf,3
NoDejarANadieAtras,3
Responsabilidad,3
EUW,3
AcciónPorElClima,3
indígena,3
Act4SDGs,3
Tourism4SDGs,3
UNWTO,3
spreadyourgoals,3
water,3
comunidadcalatayud,3
TATGranada19,3
tatgranada7,3
perspectivas,3
objetivos,3
PlayaGardenHotelSpa,3
BioCorner,3
productosecologicos,3
EM2030Index,3
PND,3
HSBC,3
Santander,3
Citi,3
supervielle,3
lacaja,3
MovilidadSostenible,3
RedC8M,3
CorreosExpress,3
EnergiaSustentable,3
ElCubo,3
ética,3
ACsureste,3
FARMACÉUTICA,3
Tertuliasobrecambioclimático,3
CaSesCusses,3
DebemosCumplir,3
DiaMundialContraElTrabajoInfantil,3
entrelazos,3
SabiasQue,3
cubosODS,3
JeffreySachs,3
SlumdogMillonaire,3
CineconObjetivo,3
ClimateActionNow,3
ROCKWOOLandPROUD,3
saneamiento,3
imágenessinderechos,3
UNAM,3
SomosIberoamérica,3
PrivilegiosDelPeatón,3
PuertoVaras,3
OdS,3
OrquestaDeSombras,3
DesarrolloUrbano,3
Iberdrola,3
AragónUniversidad,3
DigitalizaciónSostenible,3
DíadelaRegióndeMurcia,3
IndustriaQuimica,3
PIB,3
FEMP,3
ElSistema,3
PROYECTOFICTICIO,3
UOC,3
unesco,3
HLPF2019,3
ciudadanos,3
Flowerfull,3
OxígenoParaTuMundo,3
PlanetaImperdible_04,3
Objetivo14,3
PracticaODS,3
uam50,3
DíaDeLosOcéanos,3
DíaMundialDeLosOceanos,3
EconomiaCIRCULAR,3
ComisiónDeEducaciónYCultura,3
LíderesPorLosODS,3
AbrazosQueUnen,3
periodismo,3
información,3
Canela,3
GolfoDeCariaco,3
UAM50,3
Ribero2030,3
YoVoyAImperdible_04,3
munimpact,3
MartínRivero,3
135años,3
LactanciaMaterna,3
Gender,3
Escuelassostenibles,3
ShapingColombia,3
diálogoimprobable,3
narrativa,3
CocaCola,3
Asempal,3
ALC,3
GEI,3
marketing,3
sincontaminacióndelaire,3
LosLeones,3
5Jun,3
TransiciónJusta,3
Cpow,3
PescaIlegal,3
crisiscliamtica,3
agroalimentario,3
savetheplanet,3
nacionesunidas,3
BiblioRecomendación,3
Chilpancingo,3
Guerrero,3
SeguridadLaboral,3
Cuba,3
RedFormaciónMadrid,3
NomoreTimetoWaste,3
Noticias,3
lookid,3
mipymes,3
mobile360,3
SeminarioUPM,3
idea,3
AprendizajeServicio,3
BUG,3
SemanaISR,3
AndaluciaODS,3
UNIÓNDEAUTONOMOS,3
UATAEAndalucía,3
LGTBI,3
mercadosmunicipales,3
WD2019,3
PowerOfAccountability,3
PUBLICADO,3
INFORME,3
MUJERESYNIÑASCONDISCAPACIDAD,3
CooperacionDescentralizada,3
GonzaloLacurcia,3
veracruz,3
localizingSDGs,3
cocreación,3
CerroLargo,3
eCommerce,3
ResiduosSólidos,3
ods9,2
DiaInternacionalDeLaMIPYME,2
JornadasCorresponsables,2
RCCIO,2
DesayunosPorTalento,2
futureofwork,2
Cuestionario,2
paradigma,2
BigData4SD,2
ForosCasardeCaceres,2
DiaDeLasMiPyme19,2
InstrumentoPYME,2
EUeic,2
DíadelasMicroempresasyPymes,2
EuropeSummit19,2
PPP,2
reunionequipo,2
RumboAlaAgenda2030,2
volunteer,2
C3,2
SociedadCivil,2
BuenasNoticias,2
XJornadaTAB,2
Colaboración,2
WayraNuna,2
SDG12,2
prevenciondelatortura,2
afterwork,2
lideraelcanvi,2
podcasting,2
EconomíaBienComún,2
CentrosEducativos,2
Conama2018,2
ElAnalistaEconómicoFinanciero,2
MPE2019,2
Kundaa,2
CreandoValorCompartido,2
Mipymes,2
EducaciónAmbienta,2
BuenMiercoles,2
EducaciónSocial,2
OdsyPymes,2
ReconectarConLaNaturaleza_PAFA2019,2
Valos,2
Valledupar,2
SostenibilidadEmpresarial,2
ProgramaNuevoHorizonte,2
DonesLidera,2
Granada4Energy,2
CruzRojaAnd,2
FinTech,2
networking,2
Insurtech,2
OpenGov,2
bancos,2
Inclusiónfinanciera,2
objetivosdedesarrollosostenible,2
eficienciaenergética,2
construcción,2
Vamosamil,2
SoyVoluntarix,2
EnvasesParaelPlaneta,2
Alianza,2
transformaciónsocial,2
campusyuste,2
estrategias,2
coaching,2
inteligenciaemocional,2
FundacionesAEF,2
pública,2
Arte,2
agro,2
modernizadionderegadios,2
TeacherForFuture,2
Personas,2
Prosperidad,2
MPPN2019,2
Seychelles,2
LeyDesarrolloyProtecciónSocial,2
Management,2
licitación,2
Consultoría,2
Calculadora,2
EmpresasConProposito,2
Emprendedurismo,2
25Junio,2
FAOConference,2
venezuelaquierepaz,2
Alimetación,2
ceer_98,2
foroanualceer2019,2
IAmOnBoard,2
Gestión,2
Consumoresponsable,2
LAQInoamericanos,2
Prodel,2
UnFuturoSinLímites,2
INSST,2
IMPACTO2030,2
osc,2
empresasinsercion,2
insercionlaboral,2
exclusionsocial,2
AEPDSocial,2
niños,2
modaeco,2
Benavente,2
Astorga,2
turística,2
youngpeopleprogramme,2
begreenmyfriend,2
CSCE,2
CoopsDay,2
Coops,2
FutureOfWork,2
coops4dev,2
ParquesDelRío,2
canvas,2
business,2
development,2
logísticainversa,2
cursocienciadatos,2
R,2
btt,2
madrecoraje,2
bici,2
AcciónTigo,2
DePromesasARealidad,2
Humboldt,2
Sacha2019,2
IniciativaForestal,2
EECN,2
Ciclo,2
formacion,2
StopPlastic,2
IgualdaddeGenero,2
GreenDrinksCba,2
CiclodeCharlas,2
TuActitudTransforma,2
SíALaIniciativa4849,2
bolsascompostables,2
MaterBi,2
inclusióneducativa,2
Bachillerato,2
cocina,2
LatAm,2
Fundaciones,2
familiaMinera,2
másterumh,2
personas,2
transporte,2
Objetivos2030,2
GestionEnRed,2
objetivo9,2
Pachuca,2
plataforma,2
unidad,2
objetivo17,2
lisboa21,2
Femenino,2
NayaritSustentable,2
Nayarit,2
Prevención,2
Feminismo,2
PlanificaciónFísica,2
naturepowerrd,2
cruzrojajuventud,2
CinthyaLobato,2
BibliotecasPúblicas,2
JóvenesUnasurEcuador,2
festival,2
ventarelacional,2
lujazo,2
laactituddeinnovar,2
AsentamientosHumanos,2
ecologia,2
EDS,2
estereotipos,2
Ogilvy,2
nutricion,2
MetasGlobales,2
ODS100x35,2
EducacionTecnica,2
RRHH,2
SumandoSonrisas,2
APCCOLConstruyeConfianza,2
diainternacionaldelsol,2
ganaderiasorrosal,2
merino,2
bibsen,2
Lib4Dev,2
SDG6,2
RecuperemosAdrados,2
DespoblaciónRural,2
Renovables,2
Estrategia2030Sevilla,2
FundacionCepaim,2
YoSinPlásticos,2
CooperaciónInternacional,2
FelizViernes,2
movilidad,2
Africa,2
Astana,2
retail,2
transformación,2
ExpoRedAsociaciones,2
fondos,2
financiación,2
POAD,2
POAD2019,2
DatosAbiertos,2
ENTÉRATE,2
diamundialdelrefugiado,2
WorldRefugeeDay,2
MRE,2
HumanCapital,2
DeloitteGlobalHumanCapitalTrends2019,2
buenasprácticas_,2
2020presente,2
CampusSustentable,2
CIIS,2
niñezprotegida,2
ConsumoJusto,2
OpenExpo19,2
CooperacionAlDesarrollo,2
Cobija,2
HacemosCuba,2
DigitalMarketing,2
desarrollopersonal,2
SemCaribe,2
EDASU,2
IPMA,2
somosUPM,2
humanity,2
refugiado,2
DesarrolloRural,2
FairtradeLifestyle,2
refugiados,2
IngeneríaCivil,2
FelizCorpus,2
onfire,2
reaprovéchalo,2
FGK,2
AyudandoAQuienesAyudan,2
EmprendimientoSocial,2
Bioeconomia,2
IOT,2
recicla,2
reusa,2
reutiliza,2
UniMilitarRegional,2
LeaveNoOneBehind,2
malnutrición,2
conservacion,2
biodiversity,2
caribe,2
conectateconlanaturaleza,2
conectividadcaribe,2
InvertirEnLasPersonas,2
ODSempresasrd,2
Tropicalia,2
QueSueneLaRadio,2
NAU,2
biscayesg2019,2
RepúblicaDominicana,2
InsideAegon,2
Spotify,2
music,2
GasNatural,2
housingfirst,2
lana,2
COOTAD,2
apcl,2
cambiaconelcambio,2
edd19,2
crecimiento,2
CrisisClimática,2
logistics,2
contaminacion,2
LeadingByExample,2
CineMóvilToTo,2
OIT,2
gastronomiasostenible,2
diadelagastronomiasostenible,2
SociedadFomentodeTreintayTres,2
EUCD,2
sustainablegastronomyday,2
recomiendo,2
estudiantes,2
DGRV,2
IsidoroSantana,2
END,2
environment,2
ElisavaAlumni,2
Facebook,2
autoconsumo,2
TiempoDeActuar,2
productoscompostables,2
Fotovoltaica,2
FV,2
Comerciojusto,2
teatro,2
NohayPlanetaB,2
Atacama,2
VamosAMil,2
ClimateNeutralEU,2
DiaGastronomíaSostenible,2
BuenasPrácticas,2
AgentesDeCambio,2
DíaMundialdelaGastronomíaSostenible,2
Inditex,2
SDGStudio,2
Agrifood19,2
SantiagoDeCompostela,2
CompromisoODS,2
SomosODS,2
Latinoamerica,2
INAFED,2
PremioNobelDeLaPaz,2
imagenessinderechos,2
IDA18,2
IDA19,2
PanoramaRSMéxico2019,2
AquiMujeres,2
EstándaresUNE,2
Preservar,2
Motivar,2
ComiteProvincial,2
moda,2
desertificación,2
DerechoALaCiudad,2
MUSEG2019,2
analytics,2
Güerquito,2
Objetivo8,2
changemakers,2
CapitalNatural,2
ODSyTercerSector,2
Niños,2
RealeNews,2
BUG17,2
AgriculturaSostenible,2
construyendopuentes,2
BalancedScorecard,2
ahorraagua,2
recursosnaturales,2
AutoConsumo,2
PisandoTierra,2
FathersDay,2
empresasresponsables,2
LabourMigration,2
remesas,2
Remittances,2
Inclusion,2
CalidadDelAire,2
ImpactHubPicasso,2
UnDíaComoHoy,2
Blockchain,2
SaludParaTodos,2
EnergiasRenovables,2
traducción,2
balnearios,2
EthicMagazine,2
Generación2030,2
Bitcoin,2
btc,2
mexico,2
unicef,2
Valor,2
BuenTratoCRE,2
MujeresYCiencia,2
CECyTEHidalgoCreceContigo,2
OrgulloCECyTEH,2
biogás,2
JUST,2
madrid,2
diamundialdeldonantedesangre,2
Brasil,2
timetocare,2
UsecNetwork,2
usecim,2
turismosostenible,2
INTAradio,2
NegociosInclusivos,2
laactituddeinnovaRSE,2
economiabajaencarbonoCLM,2
docentes,2
blogcorreosexpress,2
AOD,2
smartcities,2
Becas,2
ProyectoCOLIBRÍ,2
fotografía,2
globalcompact,2
governance,2
gestión,2
TE,2
Editorial,2
LaVentana,2
Torrent,2
SDGhub,2
ODSChivilcoy,2
km0,2
hotelessostenibles,2
EducacióndeCalidadparatodos,2
dentroyfueradelacancha,2
TRABAJODECENTE,2
INDH2019,2
turismodefestivales,2
theopenfaculty,2
SocialImpact,2
digital,2
ParisAgreement,2
DíadeÁfrica,2
jornadaRSEponent,2
Tàrrega,2
Uncategorized,2
dirses,2
ecodiseño,2
Cuidamoselmedioambiente,2
ReporteDeSostenibilidad2018,2
SomosSocya,2
TerritorioEcuador,2
Aire,2
GAR2019,2
UNDRR,2
DermatitisAtopica,2
BastadeTrabajoInfantil,2
EPIF,2
tiempodeactuar,2
ChileSustentable,2
LegislarloLocalpensandoenloGlobal,2
UTEM,2
DíaContraElTrabajoInfantil,2
IgualdadDeGenero,2
SaludDigital,2
fundacioncepsa,2
SomosProFuturo,2
LeerIberoamericaLee,2
aquítambién,2
EkinBreakfast,2
InformedeSostenibilidad2018,2
LABICCR,2
FridayForFuture,2
usilsostenible,2
individual,2
unmundomejor,2
niñezparticipativa,2
ACUMAR,2
VIIForoTransparenciayBuenGobiernoChileEspaña,2
Reciclaje,2
IgualdaddeGénero,2
nomastrabajoinfantil,2
sustentables,2
Booktuber,2
Castilla,2
industriafarmacéutica,2
INDUSTRIA,2
Unal,2
UNInnovaSocial,2
FuturoSostenible,2
Química,2
sinco2,2
MeteoMundo,2
Moda,2
AEPD,2
BHDLeón,2
InocuidadGt,2
AxG,2
PerúSostenible,2
MóstolesDesarrollo,2
perusostenible,2
peru,2
ECUADORRSE,2
gobiernos,2
gastronomiaenfemenino,2
RevoluciónDigital,2
HLPF,2
ScoutsOfTheWorldAward,2
Cuauhtémoc,2
9Jun,2
FORMACIÓNVERDE,2
COMPROMISO,2
compostaje,2
trabajadoresdelaconstrucción,2
origami,2
consumosostenible,2
SalvarNuestroOcéano,2
etica,2
ceroplástico,2
PROhumana,2
DiaMundialDeLosOcéanos,2
oxígeno,2
energíasrenovables,2
DiaMundialdelosOcéanos,2
paradigmas,2
innovar,2
cambiar,2
evolucionar,2
incentivos,2
bicicleta,2
EA_UAM19,2
girlsforachange,2
ODs,2
planesconniños,2
Imperdibles_04,2
agenda2030Esp,2
Estado,2
CES2019,2
automation,2
Robotics,2
Data,2
EndPoverty,2
PactoGlobalEC,2
ColegioJK,2
EJESA,2
Trabajamos,2
AcuerdoNacionalEcuador,2
RecomiendoLeer,2
Teletrabajo,2
cuentosregionalizados,2
HaciaDóndeVamos,2
Guacarapo,2
impactinvesting,2
TijjaniMuhammadBande,2
AGNU,2
EdoSucre,2
RV,2
gamificación,2
LavolaEduca,2
Innovactoras,2
océanos,2
DMIA,2
FairTradeLifeStyle,2
LaNave,2
Articulación,2
solrisas,2
SemanadelMedioAmbiente,2
Tech4GoodCongress,2
SemanadelaSostenibilidad,2
SustainabilityPartners,2
objetivosdeldesarrollosostenible,2
ContraelPlástico,2
mOtivaDoS,2
emocionadODS,2
Matchfunding,2
SDGs8,2
SDGs9,2
EVAL2019,2
gLocalEval19,2
laheroicayoviajoresponsable,2
fororeputacion2019,2
JornadasdeCorresponsables,2
EcoMúsica,2
PreparandoFuturo,2
creandored,2
GolesQueCambianElMundo,2
VEN911Zulia,2
fccco,2
soy2030,2
ElCambioQueDejaHuella,2
sororidad,2
Portugal,2
desigualdades,2
coledegaldo,2
inversión,2
sotenibilidad,2
contaminaciondelaire,2
ecoinnovación,2
TheCircularChallenge,2
ABB,2
Construccion,2
Tech4goodcongress,2
Lorca,2
EliteconsultoriaSDGs,2
Biotecnología,2
TomeNota,2
HOLATELCO,2
HuellaVerde,2
HPLF,2
5DeJunio,2
led,2
CPIACapacitaciones,2
FENOGE,2
fiiS,2
calentamientoglobal,2
eCooltraWed2019,2
díamundialdelmedioambiente,2
EquidaddeGenero,2
JóvenesLíderesXLosODS,2
infancia,2
LBEA20años,2
Diamundialdelmedioambiente,2
jump2019,2
tripleimpacto,2
FACOAN,2
trabajadoresautónomos,2
worldenvironmentday,2
odeseina,2
FundaciónEyA,2
Agencia2030,2
JustTransition,2
EscuelasSostenibles,2
AmbientalCRIF,2
ieslasendagtf,2
Cooperativismo,2
IdeasDeCiudá,2
ImaginaTuCiudá,2
SDG8,2
MIEExpert,2
MIEExpertLatam,2
MinecraftEdu,2
AliadoEstratégico,2
materiales,2
Mercasa,2
préstamo_verde,2
ICO,2
Biblioteca,2
Pública,2
SemanaODS13,2
EmpresasyDDHH,2
BizHumanRights,2
DueDiligence,2
InformeAnual,2
ODS1FinDeLaPobreza,2
ODS2HambreCero,2
Bicicleta,2
colaborar,2
PolíticasPúblicas,2
I2DSISR,2
MANIFIESTO,2
ODSSomosTodos,2
SouthSouthCooperation,2
IASN2018,2
ÁmbitosSegNacional,2
impulsaelcambio,2
EducaciónMusical,2
IMPERDIBLE_04,2
ESPECIAL,2
RSCLaOpinion,2
CarmenRodriguez,2
MaríaGarcía,2
AndaluciaOds,2
Localizingthedgs,2
CanalSurTV,2
USOEnMarcha,2
USO,2
LaFeriaDelLibroDeMadrid,2
roboticaeducativa,2
ACI,2
Municipalidad,2
FundaciónUPM,2
SellinUY,2
ProyectoPrimates,2
unitednations,2
Lideres,2
Tucuman,2
Impact,2
170accionesdiarias,2
parlamentomercosur,2
neumaticos,2
SDG2,2
DiaMundialDeLaLeche,2
CicloDespierta,2
InclusiónSocialParaTodos,2
1Jun,2
IdentidadCcs,2
ConVos,2
EPMRadio,2
RíoBogotáLimpio,1
microempresa,1
Anuario2019CAN,1
GranCanaria,1
objetivos2030,1
Comparte,1
redessociales,1
flexibleworking,1
flexibilidadlaboral,1
foroscasardecaceres,1
CIP,1
RuizRoqueñi,1
stakeholder,1
gestiondiversidad,1
igualdaddeoportunidades,1
iluminartalento,1
eltalentoabunda,1
ContabilidadSocial,1
JTdignidadtrabajo,1
jtdignidadtrabajo,1
YoSoyMicroempresa,1
CadaDiaSomosMas,1
BenidormDTI,1
lácteo,1
exclusión,1
DíaInternacionalPymes,1
Decrecimiento,1
ActualidadMedioambiental,1
decrecimiento,1
BuenosDias,1
EXTREMADURA,1
Transformaciondigital,1
robotizacion,1
asez,1
IamIronMan,1
PeruNoticias,1
socialservice,1
EarthDay2019,1
foro,1
NataliaLeon,1
CuencaSostenible,1
LagoLlanquihue,1
Panorama,1
G20,1
G20OsakaSummit,1
ConectaConLaVida,1
comprometidos,1
FakeNews,1
Ñepyrü,1
biztips,1
PazEnConstrucción,1
Julio19,1
RETInternational,1
Diferentementeiguales,1
EducacionParaTodos,1
Escuchalo,1
CleanSeas,1
AZLOGICA,1
IoTSummit,1
InternetOfThings,1
InternetdelasCosas,1
Sostenibilidad100,1
EmpresariosSomosTodos,1
ImpactInvesting,1
ISO26000,1
biencomun,1
cooperacioninternacional,1
igualdaddegenero,1
CruzRoja,1
VitoriaGasteiz,1
CircularFood,1
SustainableFuture,1
RethinkingProgress,1
Bots,1
EspañaVacia,1
cursoverano19ods,1
conama2018,1
DeGrowth,1
Alasdemariposa,1
AgendaUrbana2030,1
congresoCI5,1
Educaciónambiental,1
SantaFeParalasPersonas,1
educaciónAmbiental,1
smartcity,1
fundraising,1
AgroInnovación,1
EC,1
CoRPlenary,1
torturevictimsday,1
Arraigo,1
soberaníaalimentaria,1
TuVozEnElCongreso,1
GCSustentable,1
SustainableSummitCancu,1
Banking,1
payments,1
Financial,1
softwaredevelopment,1
techfinancials,1
ilo100,1
Verosol,1
tejidosmetalizados,1
estoresmetalizados,1
cortinasmetalizados,1
estores,1
cortinas,1
arquitectura,1
SoyVoluntariox,1
FormaciónEmpleados,1
10AniversarioPlanB,1
BePlanB,1
reporting,1
corporativo,1
guía,1
ODSiders,1
OCEANIA,1
Agenda2030África,1
artículo,1
SmartLi,1
InspireWater,1
HorizonEurope,1
AsambleaSusChem,1
granada,1
InformeASEBIO2018,1
Biotech,1
EDUSI,1
oficinaiticádiz,1
FEDER,1
2030agenda,1
Udalsarea2030,1
InecoAgenda2030,1
NosSumamosAlReto,1
inteligenciaartificial,1
rrhh,1
Cooperatives,1
SEE,1
economíasocial,1
TheCraft,1
SomosFundaciones,1
transformacioeducativa,1
PBL,1
CLIL,1
edchateu,1
RetoSocialEmpresarial,1
ObraSocialLaCaixa,1
ComparativaNacional,1
EmpresasInclusivas,1
proyectosconimpacto,1
resultados,1
sroi,1
reportedesostenibilidad,1
proyeccion2030,1
corresponsabilidad,1
brechassociales,1
yofueradelacaja,1
amoloquehago,1
saludybienestar,1
Movimiento,1
PorTiMiSangre,1
economics,1
ListenNow,1
PíntateDeNaranja,1
PorEllas,1
ConEllas,1
HOY,1
EquipoCyC,1
HuertosEscolares,1
SustainableSummitCancun,1
ODSWashing,1
ODSCorporativa,1
Ingeniería,1
CISAL,1
PUCP,1
spain,1
Riobamba,1
friends,1
buffallos,1
buffallosbar,1
night,1
inkedgirls,1
DiaNaranja,1
Feminista,1
IgualmenteProfesionales,1
consultor,1
concurso,1
Recomendable,1
IngenieriaCivilUtpl,1
DespiertaPerú,1
BenditoMartes,1
CiudadesInteligentes,1
accesibilidaduniversal,1
ProgresoDeLasMujeres2019,1
proactividad,1
APF,1
DíaNaranja,1
pobrezamultidimensional,1
smartland,1
Bicentenario,1
diadelagentedemar,1
DayoftheSeafarer,1
SaludyEducación,1
CDN,1
SemanaPyme,1
DíaDeInternet,1
ConcursofotoODS,1
voluntarios,1
CEDEL,1
CitmaCuba,1
MesCuba,1
EDM,1
ProyectoMST,1
Comafors,1
ProduccionYConsumoResponsable,1
Micropyme,1
mediciondeimpacto,1
Oceans,1
OpenGovernment,1
TransferenciaConocimiento,1
Donosti,1
PST,1
enel,1
fotovoltaica,1
Metro,1
worldslargestlesson,1
unisef,1
aiesec,1
islascanarias,1
tenerife,1
turismoandaluz,1
11SesiónAEPD,1
mujeresinfluyentes,1
directivasdearagón,1
Lujazo,1
Puebloconencanto,1
escuela,1
AsambleaGeneralAEF,1
OTPCE,1
SnT2019,1
ÚltimaSemana,1
cooperativismo,1
honor,1
EconomiaDeLaConfianza,1
NuevasEconomías,1
métricasdeimpactopositivo,1
video,1
economiadelaconfianza,1
coops4decentwork,1
Research,1
OperaciónSalida,1
Prevencia,1
PrevencionRiesgosLaborales,1
millennials,1
scooterea,1
PrevenidosEstamosSeguros,1
SomosEPS,1
PlanMaestro,1
CiudadCompacta,1
PrioridadLaGente,1
CiudadAplazada,1
ClimateCrisis,1
Monterrey,1
education,1
usil,1
edcucation,1
ConsensodeaMontevideo,1
Imipe,1
ParticipaciónCiudadana,1
ClimateServices,1
Sequías,1
Juventud2030,1
sketchnote,1
visualthinking,1
retosolidario,1
bike,1
EISST,1
vivienda,1
Canadevi,1
DerechoalHábitat,1
CResponsable,1
MovilidadElectrica,1
AccionClimatica,1
IAESummit,1
IAEBS,1
IAEALUMNI,1
Orea,1
Guadalara,1
POISES,1
GanamosTodos,1
SustainableWeek,1
IYIL2019,1
MiPrimerEspacio,1
Scootereando,1
sustainablesummitcancun,1
EconomíaSolidaria,1
aprendizaje,1
oposiciones,1
estudio,1
opositar,1
becas,1
PEAC,1
ACDI,1
acv,1
CAMBIO2030,1
madera,1
actitud,1
DiezPrincipios,1
EducaciónParaLaCiudadaníaGlobal,1
envejecimientodemográfico,1
personasmayores,1
entornosamigables,1
CiudadesAmigables,1
ODSlab,1
Desigualdade,1
buengobierno,1
Agenda2010,1
Daroca,1
PASION,1
accountability,1
colegioprivado,1
Pacto,1
VPO,1
LoHacemosPosible,1
obranueva,1
sst,1
Ayuntamientos,1
HorasisIndiaMeeting,1
strongwoman,1
droitsdesfemmes,1
InnovadorasTIC,1
Agenda2013,1
aguamejordelgrifo,1
ceroplasticos,1
salvemosalplaneta,1
FamilyFarmingDecade,1
administraciones,1
sindicatos,1
mediosdecomunicación,1
industriainovacióneinfraestructura,1
agriculturafamiliar,1
alianza,1
objetivo16,1
Gastronomia,1
HosteleriaPorelClima,1
ShapingSur2019,1
LecturaSaludable,1
obligaciones,1
riesgoclimático,1
laniñaquesoñó,1
ImágenesSinDerechos,1
Playaslimpias,1
Respeto,1
Empresarios,1
Crecer,1
PactoDeLasFlores,1
football3,1
Guía,1
acoruña,1
SanJuan2019,1
BibliotecaINAP,1
sueños,1
maule,1
talca,1
sanclemente,1
felicidad,1
desartollosostenible,1
EmprendimientosConImpactoSocial,1
Donadora,1
CENAPRED,1
desastres,1
PrevenirEsVivir,1
resilience,1
deforestación,1
ManejoForestalSostenible,1
humanrights,1
convencióndelosderechosdelniño,1
GCPS,1
AlianzaMundialPorLosSuelos,1
Resilencia,1
Nicaragua,1
retosola,1
ISpyAPeriodicTable,1
internationalyearoftheperiodictable,1
Impactinvesting,1
revolucionIMPACTO,1
Baukultur,1
NAUCuba,1
SomosContinuidad,1
Vamospormás,1
territorializar,1
Casavalle,1
Capacitación,1
Innovatalk2019,1
Future,1
compromisobhdleón,1
bhdleón,1
17y169,1
TuHuellaCuenta,1
Poesía,1
Greenfilming,1
audiovisuales,1
Voces2030,1
Xempresasolidaria,1
finessociales,1
neutralidad,1
imparcialidad,1
universalidad,1
independencia,1
DESCA,1
JUSTICIA,1
GWSR,1
TSWPachuca,1
ElDeporteEsInclusion,1
ElDeporteEsDesarrollo,1
ODSTucuman,1
PactoMundialMexico,1
Industry40,1
IIoT,1
Imbabura,1
DesarrolloEconómicoLocal,1
MigraciónYDesarrollo,1
jachal,1
Sabado,1
ccv,1
tendencias,1
mercados,1
cumbresoka,1
GrandPrix,1
Glass,1
TheLastEver,1
publicidad,1
ganadores,1
AGN,1
NoDejar,1
coworking,1
mediambiente,1
organico,1
Foodie,1
Verano2019,1
incendiosforestales,1
DerechosLaborales,1
Noruega,1
FelizNUTRIDIA,1
PrácticasProfesionalizantes,1
socialeconomy,1
coops,1
cooperatives,1
Dinamización,1
Facilitación,1
ASC,1
AnimaciónSociocultural,1
APASIONANTE,1
laredsocialsocial,1
firadeBarcelona,1
SmartCatalonia,1
PMIMadridSummer,1
compraspublicassostenibles,1
comprasgubernamentales,1
ComprasPúblicasSostenibles,1
compraspublicas,1
gestionpublica,1
tuvasotambiensuma,1
ecologico,1
uc3m,1
Ecuatorianos,1
latinos,1
world,1
ganaderiaextensiva,1
Sol,1
EnergíaFotovoltaica,1
libros,1
vinilos,1
librerías,1
solidaria,1
familias,1
segundamano,1
igualitario,1
colabora,1
alianzasestrategicasgt,1
TecnologíaConPropósito19,1
FundaciónCepaim,1
AccesoalaInformación,1
lanamineral,1
globalchange,1
ecofriendly,1
ricoh,1
aiguesdebercelona,1
20aniversariocopade,1
PREMIOS,1
SoySostenible,1
FelizVerano,1
AsambleaCSCAE,1
FollowFriday,1
StaEulalia,1
FelizFinDeSemana,1
ods10,1
FridaysforFuture,1
ONGDs,1
felizviernes,1
Angola,1
emprendedor,1
experiencia,1
Administración,1
AcademiaDeLaIndusria,1
Galapagos2030,1
Creatividad,1
Conocimiento,1
EmpresaB,1
ForodelAtún,1
InteligenciasColectivas,1
SoftwareSocialLab,1
itaipu,1
pti,1
socinn,1
InnovacionSocial,1
GlanceMasters,1
EsPosible,1
PlanSocial,1
Integración,1
LaCienciaEstáEnTodo,1
EllaMeInspira,1
ConLosRefugiados,1
EvalXparaMejorar,1
Co_LabMx,1
refugeeday,1
ponteensuszapatos,1
globalización,1
sustainabledevelopmentgoals,1
teacher,1
elsabino,1
CodesarrollarTE,1
ValoresHumanos,1
ValoresMedioambientales,1
JuntosEnlamismadirección,1
NoHayLenguaSinPueblos,1
2019AñoLenguasIndígenas,1
hoy,1
Reencuentros,1
Desvirtualizaciones,1
FHCNPower,1
staeulslia,1
comercioresponsable,1
PlanDesarrolloEC,1
Tulcán,1
TulcanParaLaVida,1
Antofagasta,1
plasticos,1
Microempresas,1
Emprendedores,1
CuidemoselPlaneta,1
Tarapacá,1
solsticiodeinvierno,1
solsticiodeverano,1
SummerSolstice,1
WinterSolstice,1
porelclima,1
FranciscoVelaquezVallejo,1
mecomorometo2030,1
Galápagos2030,1
Yaguareté,1
YoPrometo,1
red,1
Maule,1
Talca,1
Curicó,1
SanClemente,1
SB50Bonn,1
AniversarioCAP,1
UNICEF,1
PuertoOctay,1
Cuenca,1
AnuarioUPA19,1
jovenes,1
mujeresRurales,1
WorldMigrationReport2018,1
LosDesastresNoSonNaturales,1
Desplastificate,1
ArgentinaForestal,1
Bosques,1
consciousnees,1
sustainablecities,1
nature,1
masoxigenomasvida,1
innovadores,1
campusSostenibleUPM,1
uesevi,1
ProyectoTellus,1
MESeme,1
maker,1
damosluz,1
DiT,1
OpenExpoEurope,1
NoticiaFairtrade,1
aniversario,1
migracion,1
proteccioninternacional,1
refugees,1
syria,1
yemen,1
venezuela,1
PremiosGaliciaAlimentacion,1
NNUU,1
cambiosclimático,1
Paisaje,1
Construcción,1
ConsumoEléctrico,1
17Retos,1
DiaMundialDeLosRefugiados,1
DíaMundialDelArbol,1
YellowDay,1
AdaptacionCiudadesCC,1
reparar,1
economicacolaborativa,1
AulaODS,1
Corpus19,1
DíaDelRefugiado,1
ingenio,1
crj,1
QueNadieSeQuedeAtrás,1
DesastresNaturales,1
ExtremaDerecha,1
CúcucutImpactaConLosODS,1
Muy,1
CambioGlobal,1
Academia,1
AsambleaXLaEquidad,1
LegislaturaAbierta,1
Calidad,1
certification,1
espaciosdeparticipación,1
ExpoProbarranquilla2019,1
CentenarioUdeC,1
Mocoa,1
agrifood,1
Brooklincito,1
ciudadsostenible,1
MujeresLideresCiudadesLAC,1
ClimaNeutro,1
CNNow,1
BonoSostenibleEuskadi,1
BilbaoESG,1
EEUU,1
ODSn10REDUCIRLADESIGUALDADENTRELOSPAISES,1
enerxía,1
AcordodeParis,1
DevInTransition,1
Partenariado,1
ODSterritorio,1
concursodepreguntas,1
laberintovegetal,1
parcsama,1
cambrils,1
FinalesTICAmericas,1
AcademiaUnach,1
InvestigaciónUnach,1
GestiónUnach,1
VinculaciónUnach,1
UnachEnMovimiento,1
VentanaAlMundo,1
Haurralde,1
CDE,1
EmpoderaxloODS,1
porlosniños,1
NUA,1
mañana,1
SúmatealReciclajeResponsable,1
AvanzaSostenible,1
Socialmenteresponsable,1
Inversion,1
Fondos,1
Fondosdeinversion,1
cuentacuentos,1
escultura,1
Reduce,1
Recicla,1
Reutiliza,1
español,1
HotelySalud,1
desperdicio,1
EDD2019,1
CONEP,1
SinDejarANadieAtrás,1
CooperaciónDigital,1
JuntoFormamosPais,1
Aegon,1
Ucsa,1
mar,1
digitalizadas,1
familiasunidasyfortalecidas,1
UIS_fgull,1
innovaciónpública,1
informedeprogreso,1
Anticorrupcion,1
DíaDeLasMicroempresas,1
familyfarmingdecade,1
ISF,1
Bolex,1
SoberaniaTecnologica,1
Defensoras,1
CursosdeVeranoUIMP,1
IamSDGs,1
Información,1
Merino,1
yarn,1
méxico,1
promálaga,1
CiudaMálaga,1
Jóvenesygobiernoabiertocba,1
gastronomía,1
adoptatuplaya,1
alianzaplayeracl,1
UIMPTV,1
CTAIMADAY2019,1
regadio,1
economia,1
igualdadegenero,1
JavierCortes,1
Oportunidades,1
digitalizadoras,1
CasarDeCáceres,1
CasarCc,1
empresasaludable,1
Jóvenes,1
JuventudenMovimiento,1
ecoagentes,1
ForoCostadelSolEC,1
workshop,1
Lean,1
almacenamiento,1
EcoWarriors,1
SDGIndex,1
17coles17retos,1
Porrúaseescribecon4erres,1
SextoQuintaPorrúa,1
ProduccionyConsumoResponsables,1
feliz,1
historia,1
arboladourbano,1
parquesyjardines,1
cambiarelmundo,1
CastillayLeón,1
top500,1
tenemosprincipios,1
AliadosdelosODS,1
AlianzaCepymePactoMundial,1
preparedness,1
Bizkaia,1
ahorrodeAgua,1
energiasolar,1
Mexico,1
LaPrevencionEsNuestraFuerza,1
SiTuvieraBillete,1
Arrecifes,1
GlobalBehaviorChange,1
GlobalBehaviOURchange,1
Urbanismo,1
Madera,1
Puu,1
Holz,1
Legno,1
Wood,1
Furniture,1
Arquitectura,1
decor,1
FrenteAFrente,1
diálogo,1
debate,1
universitario,1
RumboALaAgenda2030,1
TodaLaGenteTodosLosLugares,1
CPco2019,1
CampusPurpura,1
GestionResponsable,1
CeroDiscriminacion,1
AlimentaciónDelFuturo,1
vamosamil,1
ARAGÓN,1
Presente,1
Fishlab,1
Opinión,1
BelmontForum,1
DíaInternacionalDelSushi,1
internationalsushiday,1
talleres,1
zaragozaactiva,1
laremolacha,1
hacklab,1
mecanica,1
solar,1
renovable,1
DerechoALaAlimentación,1
MeLate,1
AbastoABajoCosto,1
PasiónPorTultitlán,1
ISGlobalTeambuilding,1
nodesperdicio,1
foodwaste,1
foodloos,1
milenials,1
PremisImpulsaBlanquerna,1
PremisImpulsa,1
PremiosImpulsaBlanquerna,1
ChileEnMarcha,1
RevoluciónSustentable,1
DistritoCuernavaca,1
KindnessMatters,1
GuíasenAcción,1
AliadosDeLosODS,1
TenemosPrincipios,1
MiPlanEsLaAgenda2030,1
Séelcambio,1
Elplanetanosnecesita,1
goals,1
SectorPesquero,1
Conversatorio,1
evaluación,1
barcelonadesignweek,1
coberturaUniversal,1
Comida,1
PortalTransaccional,1
resilencia,1
InstitucionesSólidas,1
Scotiabank,1
JuntosPorElDesarrollo,1
chilesustentable,1
MinsaPanamá,1
MujeryRSE,1
Accesoalainformación,1
Participaciónciudadana,1
Anticorrupción,1
MEPyDRD,1
Conferencia3Innovación,1
aliadosDeLosODS,1
Coopererativas,1
TaeacherForFuture,1
DiaMundialdelaGastronomíaSostenible,1
ActivH2O,1
AguaSegura,1
JuntosSomosMasFuertes,1
bingo,1
consentido,1
consentidochicago,1
consciousness,1
conciousbranding,1
barcelonadesignweeek,1
ApedeAmbiente,1
GrupoSocialONCE,1
18Jun,1
BasqueCountry2030,1
EmprendedoresSociales,1
BuenMartes,1
somosupm,1
empresasconvalores,1
eficienciaenergetica,1
pobrezaenergetica,1
Irizar,1
FWCHALLENGE,1
Cambioclimatico,1
CoDeSValladolid,1
Africagrita,1
sostenibildiad,1
todosjuntos,1
Ebro2030,1
felicidades,1
educacióndecalidad,1
15añosdelPacto,1
faciitacióndocente,1
pymescomprometidas,1
JornadasdeEconomíaCircular,1
Thinktwice,1
multilateralismmatters,1
economiasocial,1
CàpsulaEmpoderapedia,1
17COLES17RETOS,1
HábitosAlimenticios,1
1Arse,1
AragonesesExterior,1
GastronomiaSostenible,1
ACNUR,1
18Junio,1
españavaciada,1
Estrategia,1
administracion,1
publica,1
Pichincha,1
desertification,1
CCE,1
MVS,1
Toks,1
LGBT,1
PlaneamosParaTi,1
EstamosComprometidos,1
FrayBentos,1
ehealth,1
TerritorioSostenible,1
YunusenMexico,1
quintanaroo,1
todossomosuno,1
quenadiesequedeatrás,1
juntostransformamos,1
siconlasosc,1
INDESOQROO,1
MuhammadYunus,1
CREADesarrollo,1
17retosp,1
pathway,1
díamundialcontraladesertificaciónylasequía,1
Hambre,1
Migración,1
WDCD2019,1
RevistaUNE,1
RecursosNaturales,1
Suelo,1
Coach,1
Nature,1
Environment,1
Photography,1
Agradecida,1
Remesas,1
ObjectifsMondiaux,1
PanoramaODS,1
diamundial,1
sequía,1
MexicoQualitySummit,1
SeminarioVirtual,1
emergenciaclimática,1
OnePlanetOneSolution,1
MadridesModa,1
diversidadfuncional,1
otrascapacidades,1
muycapacitados,1
UNPopulation,1
contralaPobreza,1
queretaropicudo,1
limpiando,1
guerrerosguardianes,1
libredetrabajoinfaantil,1
Novamont,1
compostables,1
chaobolsasplásticas,1
ConstruyamosElFuturoJuntos,1
ONU_es,1
HijasDeLaMx,1
DesertificationDay,1
AgendaEcoSocial,1
CursoVerano,1
reconocimiento,1
discapacidadintelectual,1
Formación,1
Desarrollosostenible,1
Maimon,1
galiciasostible,1
teamwork,1
cx,1
Ventas,1
voicesofthenewgeneration,1
eduTech,1
niñosinventores,1
insercionsocial,1
Trendingtalent,1
EsperanzayAlegría,1
DerechoalaEducación,1
ResearchPolicy,1
Habits,1
ImagenesSinDerechos,1
talento40,1
ods2030,1
leonesp,1
Agrobiotecnología,1
InseguridadAlimentaria,1
desnutrición,1
ÁfricaOriental,1
FelizSemana,1
argentina,1
IDEF0,1
Konex,1
bsas,1
musthave,1
diseño,1
moda2019,1
diseno,1
modacasual,1
diseñadora,1
modachic,1
artesania,1
artes,1
modanisa,1
modafesta,1
disease,1
artesanatos,1
eventos,1
arteemfoco,1
OleadaSolar,1
HazloRealidad,1
ONGs,1
ESPAÑA,1
Villalba,1
FiebreDelOro,1
Chernobyl,1
Papantla,1
rSC,1
dominicanas,1
uniformes,1
sdg11,1
diamundialdelastortugasmarinas,1
tortugasmarinas,1
VANS,1
equidaddegenero,1
SUSTRATEGIES,1
Programa,1
50JMB,1
Bibliotecariosmexicanos,1
SaludparaTodos,1
HealthforAll,1
Profesionales,1
Comunidades,1
ComunicaCambio,1
Cuidadanosenaccion,1
viento,1
EnergíaEólica,1
wind,1
DíaMundialDelViento,1
escobainvisible,1
15junio,1
parqueeólico,1
ComunidasSostenible,1
CiudadSostenible,1
15Jun,1
FelizSábado,1
Centroamérica,1
JóvenesRurales,1
MeUno,1
Ecología,1
basuraleza,1
Bcorp,1
DesarrolloLocal,1
SoyUNIVA,1
RelatoCortoUMU,1
ReducciónDeDesigualdades,1
JAnuario2019MAD,1
arte,1
wallart,1
contemporaryart,1
islamofobia,1
SaludUniversal,1
ReequilibrioSustentable,1
Grupos,1
FacilitaciónGruposEnProcesosSocioambientalesParticipativos,1
DeloLOCALlaloGLOBAL,1
Orgulloso,1
alcalde,1
SaintLouis365,1
delOlvidoalaAccion,1
equidad,1
productores,1
EnseñaFairtrade,1
greencity,1
congreso3enRed,1
hotel,1
buffet,1
adquisiciones,1
UNstats,1
Reducir,1
emisiones,1
VIENTO,1
energéticos,1
DíaMundialdelViento,1
GlobalWindDay,1
infraestructuradigital,1
LatinoAmerica,1
mapaestrategico,1
strategicMap,1
CuadroMandoIntegral,1
desarrollolocal,1
medicióndesempeño,1
GobiernoLocal,1
YouthPolicy,1
criptomonedas,1
crypto,1
balancedscorecard,1
BizTips,1
consumidores,1
findesemana,1
ReservasBiosfera,1
Banconalpa,1
Exclusión,1
Bled,1
chicaswise,1
nacionalismo,1
HoyMásQueNuncaMyT,1
Innovacion,1
concienciaODS,1
AMPLIACION,1
VidaBajoElAgua,1
OceanAction14819,1
ProductosQuímicos,1
ResiduosPeligrosos,1
feminista,1
EmpresaPactoGlobal,1
productosquimicos,1
residuospeligrosos,1
MuseoMyT,1
vacantes,1
campo,1
consultoria,1
autosrvicios,1
Somosambiente,1
Eduambiental,1
Juventudtesoro,1
EntreRíos2030,1
inteligenciacolectiva,1
LiderTransformacional,1
EmpresasResponsables,1
ExploraInnovando,1
Totonaca,1
VivirMejorEsPosible,1
InnovaRecoleta,1
UNGA,1
BodegasAbiertas,1
enoturismo,1
caminosdelvino,1
vinosquehacenbien,1
enoturismosostenible,1
ISMMA,1
Únete,1
ArgentinaVoluntaria,1
RemesasFamiliares,1
Migrantes,1
perspectivagénero,1
gobernanza,1
Iguadad,1
SomosIndígenas,1
Women,1
DíaMundialdelDonantedeSangre,1
Mañanaempiezahoy,1
cambiosocial,1
bottle,1
Garapen,1
Jasangarriko,1
Helburuak,1
Nafarroarekin,1
RSAragon,1
política,1
director,1
migrantes,1
RecreosResiduoCero,1
BibliotecadeGalapagar,1
vidasubmarina,1
objetivo14,1
inclusiva,1
SomosVarazdin,1
ComienzaelCambio,1
Somos2030,1
ISO,1
CircularEconomy,1
aprender,1
despoblacionrural,1
planestrategicodegestion,1
saludable,1
LaSillaRoja,1
Lanzate,1
homeoffice,1
políticaspúblicas,1
forociudadesmad,1
BsAs,1
MisiónDeSabios,1
MiguelServet,1
PizzolanteView,1
amalurODS,1
ahijados,1
SegundoCiclo,1
opamssinvestiga,1
AccionPorElClima,1
MavraHojuelas,1
Conflicto,1
Mediacion,1
CallforPapers,1
openaccess,1
sociedadantioqueñaingenieria,1
SDT1714,1
UNCCD,1
LandDegradationNeutrality,1
NewUNDP,1
emprendedoras,1
AEDLcomunidadcalatayud,1
MujeresLideres,1
GBR,1
PEN2030,1
destinosustentable,1
gestióninteligente,1
econonía,1
Psicología,1
Conciencia,1
Éxito,1
Victoriosa,1
ONAT,1
LED,1
espectacular,1
bluegrowth,1
mentoring,1
diamundialcontraeltrabajoinfantil,1
children,1
TeachSDG,1
chivilcoy,1
ciudadesenred,1
propositosocial,1
Empleabilidad,1
Doingwellbydoinggood,1
EGADE,1
ForoAIM2Flourish,1
FlourishPrizes2019,1
zonasverdes,1
ciclorrutas,1
Biodiversa2019,1
institucionalidad,1
cerrarbrechas,1
desarrollohumano,1
objetivo,1
BuenosAires,1
Helsinki,1
PracticasProfesionalizantes,1
Francia2019,1
17ALIANZA,1
Rentaterapia,1
YouTube,1
ods11,1
BiodiversidadUrbana,1
ProyectoLIBERA,1
cexconelmedioambiente,1
blogcex,1
Chad,1
Mozambique,1
AsambleaSED,1
ODque,1
EncuentroBecariosFCarolina,1
dermatitisatópica,1
AgInnovation,1
EASP,1
BiomiméticaOrganizacional,1
ethics,1
management,1
2019EAPN,1
SGD,1
Alumnado,1
2ESOB,1
butais,1
kamishibai,1
RedECOS,1
PCL,1
PrácticasComunicativasyCreativas,1
mercadoelectrico,1
IgualdadeGénero,1
EuropaCAF,1
gestion,1
AisGroup,1
ObservatoriodelaSostenibilidad,1
fundacionciudadania,1
somosnaturaleza,1
INECO,1
Ecodiseño,1
Etsam,1
nuevaagendaurbana,1
ICHaB2019,1
ultimodebate,1
Economíacircular,1
prevención,1
EducacionDeCalidad,1
Política,1
ReciclaMetales,1
NoAlosComentariosFascistas,1
ContaminacionDelAire,1
Cordoba,1
UcabGuayana,1
NoSiMujeres,1
SiYoFuera,1
CámaraInforma,1
CaféInnovador,1
Cuidemoselmedioambiente,1
CircularProcurement,1
LimaGroup,1
Lawfare,1
IDAE,1
LinkedIn,1
BasuraChallenge,1
Cuidemoselplaneta,1
CampoMexicano,1
LoMásLeído,1
eth,1
12jun,1
Trabajo_Infantil,1
DHC,1
ODSTerritorioEC,1
ChildLabour,1
Loja,1
JCIAndina,1
BeBetter,1
JCI,1
CambiosPositivos,1
CiudadaníaActiva,1
DesarrolloEconómico,1
OportunidadLaboral,1
SoftSkills,1
desempleo,1
habilidadesblandas,1
SaludosyAguasClarasParaTodos,1
soberaniaalimentaria,1
tierra,1
GIR,1
accionessostenibles,1
grupodetrabajo,1
competencias,1
socioemocionales,1
BBNJ,1
CBD,1
discriminación,1
ProgresemosJuntos,1
ChallengeVerde2019,1
costos,1
externalidades,1
ConvencionCema2019,1
MICM,1
YoSoyDigital,1
MipymesRD,1
NoAlTrabajoInfantil,1
Lincoln,1
NoALaExplotaciónInfantil,1
uñac,1
sanjuan,1
politicas,1
predoctorales,1
cienciaDigna,1
BrechaDigital,1
LosNiñosPrimero,1
DDHHAntesQueTodo,1
InnovaciongoODS,1
SinTrabajoInfantil,1
Localizar,1
Gobernanza,1
urbano,1
Exportaciones,1
QuitoSostenible,1
QuitoResponsable,1
Desarrollo2030,1
RSAreandina,1
ElFuturoDelTrabajo,1
reducir,1
Consumo,1
ReciclarMetales,1
CC,1
urbanos,1
rurales,1
laruecaas,1
STEMGiner,1
web,1
Derecho,1
Oportunidad,1
DerechosInfancia,1
DiaContraElTrabajoInfantil,1
FissaMálaga,1
NEXTGENUNDP,1
Conectividad,1
oportunidad,1
Startups,1
SBC,1
innovation,1
Compostela,1
exclusion,1
desigualdade,1
EPDesayunoCastillayMontero,1
SomosAyuda,1
RewaterGlobalPlan,1
ForoModaSostenible,1
sanitation,1
TeachersForFutureSpain,1
Diseño,1
JornadasTAB,1
JuntosSomosCIP,1
ACTNOW,1
M2M,1
TareaVida,1
30añisCDN,1
DíadelaniñezenlasAméricas,1
ExtensiónUniversitaria,1
plancton,1
ambientesacuáticos,1
gefapucv,1
vocaliaUV,1
CápsulaDisruptivo,1
Datos,1
paz,1
justicia,1
institucionesfuertes,1
reinsercionsocial,1
ods16,1
SDG16,1
4RI,1
INNOVAGRO2019,1
noticias,1
boletin,1
informacion,1
magdalena,1
week,1
WorkoutForWater,1
waterforall,1
ConImpactoSocial,1
educafestival19,1
Data4SDCourse,1
datosparalosODS,1
ProgramaMCH,1
dialogosocial,1
ECOSUR,1
UJAT,1
SembrandoVida,1
accesibility,1
UNInclusionStrategy,1
CRPD,1
FilmFestival,1
forest,1
Historias,1
HOF,1
Alicante,1
nomás,1
11deJunio,1
CuencaLlanquihue,1
GIRAJovenes,1
Fintech,1
Tech,1
CochesEléctricos,1
GdOs,1
Novedades,1
principios,1
PremiosUNICEF2019,1
ReigJofre,1
Apóyanos,1
Colabora,1
Dona,1
Social,1
sanidad,1
ods3,1
ProducciónResponsable,1
derecH2O,1
saneamiento4all,1
Draw,1
Dibujo,1
Feminsimo,1
Música,1
Mediterraneamente,1
GestiónPública,1
Presupuesto,1
Futuro360,1
Restegia,1
Resenfo,1
DestinosFONATUR,1
DestinoEarthCheck,1
RetoEarthCheckMaster2020,1
CiudadesyComunidadesSustentables,1
ResponsabilidadCompartida,1
Economia,1
FoodSafety,1
Finance4Nature,1
UNDPNature,1
ICAP65Años,1
gendergap,1
EconomíaDigital,1
adolescentes,1
turismoestudiantil,1
TipSustentable,1
equidaddegénero,1
mujereschilenas,1
CarbonoNeutral,1
Lolesleon,1
AcciónClimatica,1
mods,1
Vehículoeléctrico,1
CienciaCiudadana,1
transicionecologica,1
CROEC,1
serviciosclimáticos,1
CambiaTuMundo,1
SostenibilidadEnLaCientífica,1
LaNaveForma,1
SemanaSostenibilidadLN,1
Transito,1
empleodecente,1
OEI,1
DiaDeLaSeguridadVial,1
SemanaSinPlásticos,1
JuntosPodemos,1
Móstoles2030,1
díadelaniñezdelasaméricas,1
30añosCDN,1
MisiónSostenible,1
CrecimientoEconómicoSostenible,1
acción,1
vidamarina,1
emprendimientoresponsable,1
CRUE,1
CompartiendoConocimiento,1
revoluciónImpacto,1
GSG,1
AgendasUrbanas,1
sostibilidade,1
alimentaria,1
Tabaco,1
MuchoporHacer,1
OECD,1
LaMancha,1
JCCM,1
modernizaciónderegadios,1
EMPRENDIMIENTO,1
empresario,1
solidarité,1
familyoffice,1
AtencionIntegralAlPueblo,1
planetaoplastico,1
gobiernoslocales,1
SavetheWorld,1
SmartMobility,1
EsUrgente,1
A2030,1
FindelaPobreza,1
XVaños,1
EnHuatulcoSomos,1
PazJusticiaEInstitucionesSólidas,1
SomosAgentesDeCambio,1
MundialFemeninodeFutbol,1
GrupoSólido,1
Metrópolis,1
PequeñosGestos,1
Master,1
ACValleOrotava,1
DDFF,1
Objetivosdedesarrollosostenible,1
Consejo7,1
Francia,1
Reciclar,1
Donar,1
Sac19,1
SeedsAndChips,1
GoalsOnTour,1
SinPlásticos,1
territoriosinteligentes,1
DíaMundiaDelMedioAmbiente,1
menosplastico,1
ods14,1
climatecrisis,1
revolucionambiental,1
diamundialdelosoceanos,1
worldoceansday,1
DiaInternacionaldelosOceanos,1
PROhumanaRED,1
Ocean,1
Ethics,1
muyfandelosODS,1
FinDeLaPobrezaRD,1
DíaMundialOcéanos,1
carnavalesporelagua,1
colombialibredefracking,1
nofracking,1
noalfracking,1
ImagenessinDerechos,1
ObejtivosdeDesarrolloSostenible,1
Sensibilizacion,1
empretecos,1
jáchal,1
SABADO,1
empresasostenible,1
ConstruyendoUnMejorFuturo,1
rellenosanitario,1
sitiodedispisiciónfinal,1
energíaalternativa,1
OrgulloMaño,1
Consejo6,1
Lemon,1
ReciclaReutiliza,1
oceansday,1
marine,1
WorldOceanDay,1
díamundialdelosocéanos,1
Mares,1
technovAragon19,1
cambiemos,1
trabajoInfantil,1
viral,1
nomoreplastic,1
AdiosPlasticoPrescindible,1
actuar,1
Ecuador2023,1
RRCC,1
OxI,1
mineria,1
APP,1
GestionSocial,1
ASPY2030,1
under2,1
AliaRSECampeche,1
FEYAC,1
TCRP,1
LeadOnClimate,1
TurismoQuoVadis,1
objetivosODS,1
Jean,1
Rousseau,1
musica,1
banda,1
vidaestudiantil,1
orgullosamenteBUAP,1
OrgulloPoblano,1
RSU,1
buap,1
Planeacion,1
bioeconomia,1
SoyMercadólogo,1
MSJCIM,1
Rabelouy,1
CECYTEHConTodo,1
Lorquí,1
CiFi,1
Maipú,1
Toltén,1
cuentosclasicos,1
MisionesInnova,1
salainfantojuvenil,1
literaturainfantil,1
pulgarcito,1
Blancanieves,1
BellaDurmiente,1
buenfinde,1
Prisma,1
CulturaDePaz,1
17Años,1
sostenibilizacióncurricular,1
thereisnoplanetB,1
air,1
CleanAirDay,1
slowfashion,1
LoPosibleSeAprende,1
Mulchén,1
DiaDelPeriodista,1
voluntariosACCIONA,1
DiplomaciaCientífica,1
OcéanosPma,1
MapaDeLaPobreza,1
PROYECTOFICT,1
socialimpact,1
ImpactRevolution,1
cursos,1
formaciónpermanente,1
lectura,1
sensibilización,1
O,1
Rse,1
Estudio,1
DesarrolloResponsable,1
emprendimientos,1
econcomiacircular,1
SomosSolidarios,1
PrimerEncuentroDeEducaciónParaElDesarrolloSostenible,1
sotenible,1
TripleImpacto,1
SUSTENTABILIDAD,1
ComprometidosConLaEducación,1
NotiLAQI,1
WorldFoodSafetyDay,1
Uneco,1
VoluntariosAcciona,1
InvierteEnElPlaneta,1
Chiguana,1
GestionAmbiental,1
smalldata,1
bigdata,1
evidencia,1
impactoambiental,1
inversion,1
previsionsustentable,1
QuieroExpresarQue,1
BecaUnAlbañil,1
unopsEB,1
InversiónSocial,1
BD4SG,1
ImpactoPositivo,1
MasHumanos,1
agenda20,1
BogotáSostenible,1
CooperaSí,1
maressinplásticos,1
cexconlosmares,1
COP18,1
Antártida,1
MAPFREjornadasGlobal,1
iniciativas,1
sociales,1
beneficiarios,1
uabradio,1
huercalovera,1
accionsocial,1
IESRamblaNogalte,1
PuertoLumbreras,1
selloambientaljcyl,1
innovaCyL,1
SierraLeona,1
somosbiotecnología,1
viviendas,1
COACan,1
EconomíaCIRCULAR,1
weareWELL,1
Biofilia,1
Biophilia,1
ISWELL,1
DíaMundialDelosOceanos,1
politica,1
PSOE,1
SaveOurOcean,1
BeatPlasticPollution,1
MFF,1
Consejo5,1
BancaResponsable,1
NoticiasCECA,1
ResponsibleBanking,1
BankingPrinciples,1
SomosCooperación,1
WeLoveSaneamiento,1
Saneamiento4All,1
cooperaciónsursur,1
uam,1
RETOS,1
samia,1
DeclaracióndelaQuímica,1
profesionales,1
trabajadores,1
desafíosglobales,1
IYPT2019,1
industrial,1
infraestructure,1
ResiduoCero,1
redformaciónmadrid,1
QroBus,1
MetroBus,1
Reforestación,1
CuidemosElPlaneta,1
MiAmbiente,1
CrecerEnGrande,1
PerspectivaDeGénero,1
NDC,1
AcuerdodeParís,1
SDG5,1
GenerationEquality,1
VamosAZoomar,1
económico,1
Neiva,1
Acción,1
ConectarParaTransformar,1
JovenesProtagonistas,1
LideresSocialesxlosODS,1
MexicanosImparables,1
financiamientosostenible,1
inclusivos,1
resilientes,1
CantabriaODS,1
Goteo,1
SistemaAmbientalUniversitario,1
Quevedo,1
ApsArgentina,1
CADIME,1
SaludParatodos,1
buenJueves,1
PAZ,1
ODSECuador,1
FIIAPP,1
UAH,1
CuadrantesDePaz,1
smartcitizens,1
APL,1
MesdelaEnergía,1
Loja2030,1
SmartLand,1
mundosostenible,1
imprescindible,1
DiálogoImprobable,1
telesalud,1
SaludAr,1
DiaDelAmbiente,1
Alimento,1
lacoordinacionsalvavidas,1
luisarodrigueztariba,1
tupalabraestupoder,1
emergenciahumanitariacompleja,1
ashoka,1
accionhumanitaria,1
funcamama,1
esperanza,1
cooperativa,1
COOPERATIVISMO,1
CooperaciónSurSur,1
ODM,1
CONFOCOS,1
infertilidad,1
prematuros,1
ODSCantabria,1
BeU,1
DoubleU,1
UU,1
Inspiringwomenleadersinthedigitalera,1
Gestrisam,1
senplásticomellor,1
Díadosocéanos,1
concellodeviveiro,1
obxectivo14,1
Ecoterrae,1
Unicaja,1
vídeo,1
revista,1
Cuéllar,1
León,1
InformeNoFinanciero,1
Estratégia,1
Informes,1
compromisosocial,1
Consejo4,1
CivilSocietyDays,1
OECDDAC,1
trabajosdeinvestigación,1
Secundaria,1
VìaAugustaByC,1
AgenciadeECOBranding,1
EfectoLegal,1
januario2019cor,1
visión,1
marca,1
gasrenovable,1
NohayPlanB,1
CUD,1
cordobaesp,1
industriainnovacióneinfraestructura,1
RRSS,1
CREATIVIDAD,1
orientation,1
personalization,1
DíadoMedioAmbiente,1
educarenmediiambiente,1
Diplomacia,1
ConsejoDeSeguridad,1
Globalgoals,1
CongresoFuturo2019,1
bioeconomy,1
GodoyCruzCultiva,1
Accionar,1
Life,1
CumbreSICAGuatemala,1
SaludoScout2018,1
IniciativasFARO,1
GrupoFARO15Años,1
clasificatorioA,1
ConversACEVAL,1
SumandoComunidad,1
EvaluarSirve,1
CPCMercadodelaCiudad,1
Resiliencia,1
Colombianos,1
FootprintAwards,1
Footprint,1
SalaSimónBolívar,1
VZLA,1
DíaDeLaEducaciónAragonesa,1
EUSPRI2019,1
ScienceDiplomacy,1
BanescoContigo,1
Vegetariana,1
Cleantech,1
EMDEs,1
WorldBank,1
investment,1
finance,1
emergingmarkets,1
developingeconomies,1
DiamundiadelMedioAmbiente,1
MOBILE360,1
innovations,1
leaders,1
change,1
opportunity,1
lideres,1
nosoyindiferente,1
team,1
motivationalquotes,1
success,1
empiezahoy,1
mayo,1
Juntosporlamejoracontinua,1
IngenieríaComercialFINORCertificadaISO9001,1
bioinsumos,1
WorldMetrologyDay,1
Comisión,1
SinfraOaxInforma,1
ScoutVenezuela,1
scoutfalcon,1
ComunidadActiva,1
Gijon,1
AutoridadPortuariaDeCartagena,1
PuertoDeCartagena,1
Peru2021,1
PractiaODS,1
CalentamientoGlobal,1
población,1
ServiciosFinancieros,1
unión,1
NoPlanetB,1
pescaINDNR,1
ODSalCole,1
juntos,1
GED2019,1
programaDesafíos,1
womencyl,1
productoLocal,1
focelac,1
Deval,1
VR,1
FNCER,1
PasaralaAcción,1
MINURVI,1
RSALatinAmerica,1
SCELC19,1
SmartCities4ll,1
elfuturoendesarrollo,1
CCEBArecomienda,1
GreenChoices,1
GED19,1
Aifec,1
damosporhechoquesiguesiendonuestraMinistra,1
EA26con_TeresaRibera,1
TransicionEcologica,1
adaptaciónCC,1
costarica,1
mudançaclimática,1
Eco,1
Empleadores,1
OpiniónColumnistas,1
MovilidadVerde,1
IntegracionCA,1
RegionDeOportunidades,1
TodosSomosCentroamerica,1
SomosCentroamerica,1
TodosSomosGuatemala,1
DíaMundialDelAmbiente,1
BancaSostenible,1
BancaEtica,1
BancaValores,1
BancaMedioambiente,1
BancaRS,1
HuellaCarbono,1
PCAFT,1
GABV,1
5Junio,1
TodosPorElMedioAmbiente,1
DíaMundiadelMedioAmbiente,1
UTGS,1
BNSostenibilidad,1
Music,1
New,1
Vivo,1
bass,1
guitar,1
drums,1
keys,1
Ene,1
lohiceconfeeling,1
ICMIFAmericas2019,1
BankiaFuturoSostenible,1
SomosSincro,1
TransiciónEcológica,1
Actnow,1
CasaComun,1
ChacoAvanza,1
DomingoPeppo,1
MaliSerrano,1
Huelva,1
greeningtheblue,1
KissBarcelona,1
FIMRideGreen,1
SomosEco,1
EducacionMedioambiental,1
cuidemoselplaneta,1
CexConElMedioAmbiente,1
Cexconelmedioambiente,1
NosPreocupamosPorElEntorno,1
transversa2019,1
Ibercaja,1
ObjetivoSostenibilidad,1
propósito,1
Accionporelclima,1
EcosistemasTerrestres,1
Energianocontaminante,1
AguaLimpia,1
EmergenciaClimática,1
cooperaciónSurSur,1
UATAE,1
comerciantes,1
UnióndeAutónomos,1
mercadosdeabastos,1
autónomosenelmundorural,1
FYCMA,1
MEP,1
extremeños,1
extremadura,1
dehesa,1
Mep,1
DíadelaTierra,1
sincontaminaciondelaire,1
saludambiental,1
CooperaciónSursur,1
Catástrofes,1
ObservatorioDeCatástrofes,1
PascualAporta,1
GlobalSDGals,1
aire,1
miercolesporelfuturo,1
nomoretimetowaste,1
Wageningen,1
Univeridades,1
ResponsibAllDay,1
EmpresaConsciente,1
Marcasconpropósito,1
lecturaSugeridaIE,1
DíaparalaInnovación,1
EcoSensibilidad,1
DiaparalaInnovación,1
FundaciónRoviralta,1
AguaySaneamiento,1
lean,1
alianzaods,1
Lacomunicacióndelvalor,1
Consejo3,1
bio,1
Uloyola,1
Contaminacion,1
CIMA,1
ODSempresas,1
Transversa2019,1
ecotablón,1
ImágenesSINDerechos,1
predoctoral,1
derechoLaboral,1
cienciaConIlusion,1
desarrolloSostenible,1
EsclerosisMúltiple,1
BIM,1
OpenBIM,1
nZEB,1
Horizon2020,1
fridaysforfuture,1
teacherforfuture,1
nohayplanetab,1
MeComprometo,1
MelillaVerde,1
EconomíaSostenible,1
SDG17,1
SDG3,1
Mobile360,1
Eval2019,1
RockDeOjeras,1
ComunidadCCB,1
Barranquilla,1
Hackathon,1
CEO,1
JugandoAprendemos,1
CiudadDelPlata,1
AgendaLocal,1
UruguaySumaValor,1
SanJoséSumaValor,1
TierraDeHumedalesSumaValor,1
PlanNacionalDDHH,1
AliadosDelDesarrollo,1
Gestión2018,1
CrecimientoEconómico,1
EconomicGrowth,1
Derechos,1
Humanos,1
AgendaRegionalMIPYME,1
ALIANZASFARO,1
PlenoBonares,1
Bonares,1
AhorroEnergetico,1
ObjetivoDelMilenio,1
TemporadaDeHuracanes,1
NuestraCasa,1
SomosFOL,1
YoAmoFOL,1
pymrs,1
IPBES,1
highered,1
ResponsabilidadSocialESIC,1
EncuentroEmpresarialSICA,1
RegiónDeOportunidades,1
SICA,1
niñxsyadolescentes,1
grooming,1
PASARALAACCIÓN,1
MedioRural,1
ensino,1
CONEP56,1
cuidadodelatierra,1
QMEP,1
ProtecciónSocial,1
MOOC,1
transformaciónODS,1
AlianzasparaIberoamérica,1
ChileSinTrabajoInfantil,1
ConstruyendoPuertosSostenibles,1
sdg15,1
universalizando,1
United4Climate,1
ClimaDiplo,1
eduaciónambiental,1
Energiasrenovables,1
CharlasEcoAndina,1
FrenemosLaDeforestación,1
alcaládeguadaíra,1
AcuerdoEcuador2030,1
Movilidad,1
elMundoQueQuieres,1
sostenibilidadveritas,1
setmananatura,1
Consejo2,1
Agenda2020,1
LFFMadrid,1
puertosyODD,1
AsociaciónEspañolaNormalización,1
UNE,1
Compromisos,1
Impacto,1
marketingsocial,1
digitalmedia,1
emprende,1
Crecimiento,1
Allcot,1
BlogSIGRE,1
súmatealplan,1
Almeríasostenible,1
CompromisoSocial,1
ODSunizar,1
LivingforOthers,1
RSCLaOpinión,1
violenciadegénero,1
proteccióndedatos,1
aparcabicisYA,1
4Revolucion,1
biotech,1
TransportesAlternativos,1
Jujuy,1
internacionalizacion,1
worldlargestlesson,1
SueciaSocioVerde,1
Conalep,1
PuertoVallarta,1
Lecturadenoche,1
ÓrbitaLaikaClima,1
policia,1
multidimensional,1
ALyC,1
EquidadDeGénero,1
women,1
MUJER,1
AgendaCudadanaGT,1
gobierno,1
PedaleaTuCiudad,1
MovilidadActiva,1
1m50,1
VeRoLog2019,1
routingoptimization,1
algorithms,1
smartmobility,1
reducereutilizarecicla,1
Prospectiva,1
UnaHistoriaACadaPaso,1
UnaMetaEnComún,1
ODSColombia,1
IPM,1
socent,1
RevoluciónSenior,1
Longevidad,1
LongLifeLearning,1
Cerrarbrechas,1
CE,1
PerspectivaDeInnovación,1
Támega,1
TerceraEdicion,1
GlobalGoalsLocalBusiness,1
DíaDelCampesino,1
REAGRO,1
JuntosContraElHambre,1
ÚneteALosHéroes,1
DiadelCampesino,1
GreenWashing,1
UNODC,1
ChaoBolsasPlásticas,1
negociosconimpacto,1
empresasconproósito,1
Managua,1
udec,1
GetUpandGoals,1
ECG,1
DíaMundialdelaBicicleta,1
CiudadesSost,1
bibliotecasinclusivas,1
bibliotecasaccesibles,1
BibliotecasEnIgualdad,1
CentroHistorico,1
desarrollourbano,1
10aDeclaracióEducativa,1
catedradesostenibiliadenergetica,1
newsletter,1
funseam,1
disability,1
Boicotalplástico,1
sustentabilidadpyme,1
imperdibles,1
TicTac,1
centroseducacyl,1
Valladolid,1
COMparte,1
somoscooperación,1
Gracias,1
congresoaplu19,1
disciplinaurbanistica,1
JEID19,1
somosred,1
RSEncuentro,1
CEDEl,1
Ciudades2030,1
Asamblea,1
Sensibilización,1
plagas,1
Aacid,1
Caongd,1
CooperacionAndaluza,1
DiarioDeSevilla,1
CanalSur,1
ElDiario,1
Publico,1
Salto,1
ESPAÑA2018,1
andaluciaODS,1
megustamimercado2019,1
LYLM2019,1
STEM,1
reciclarlas,1
PolíticasSostenibles,1
Naduca,1
diseñotecnopedagógico,1
inclusivo,1
nadieatrás,1
comism,1
EstatutodelosTrabajadores,1
AgendadelCambio,1
DerechosdelosNiños,1
IbercajaClip,1
estoyenIBERCAJAClip,1
DíaInternacionalDeLasFamilias,1
GlobalLearning,1
TeamLearning,1
globaled,1
IbelieveinmyeducationSDGs,1
Endpoverty,1
writethechange,1
Estándares,1
Listen2cities,1
acelera2030,1
SomosIberoamerica,1
sana,1
Hope,1
UnaSemanaSinPlastico,1
BOICOTALPLASTICO2019,1
perumissiontotheworld,1
KrisCastañeda,1
SustainableDevelopmentObjectivess2030,1
peace,1
explication,1
poblacion,1
PoblaciónVenezolana,1
regadíos,1
DiaCLM,1
ComisiónEuropea,1
UNEnvironment,1
consejonacionaldeniñezyadolescencia,1
6dejunio,1
migraciones,1
pasaralaacción,1
SomosDesarrollo,1
SinTabaco,1
BuenDomingo,1
VoluntariosMAPFRE,1
VME19,1
GRACIAS,1
TransformacionIneludible,1
AccionesParaFuturasGeneraciones,1
YoMeMuevoXloODS,1
ArpaChange,1
FridaysForFurture,1
ImágenesSINderechos,1
PAC,1
WorldMilkDay,1
MundoTIERRA,1
NoalDesmonteIndiscriminado,1
CUENTAPUBLICA,1
APECChile2019,1
CIDH,1
OEA,1
HumanRights,1
vida,1
turismoresponsable,1
erradicarpobreza,1
transformacionesestructurales,1
WorldMilkday,1
negociosinclusivos,1
Recorrido,1
EcologíayVida,1
ESER2019,1
AsembleaEspazocoop,1
EstudoMullerCooperativasTraballo,1
AsembleaCOCETA,1
DíaMundialContraelTabaco,1
IDS,1
InsigniasMundiales,1
JóvenesPorLosODSMx,1
ODSMx,1
BecaUniversal,1
SafeSchoolsDeclaration,1
XSolidaria,1
VozDelAmbiente,1
consultores,1
35RCE,1
rootknowledge,1
Soyfuturo,1
Utopías2019,1
SesionesPLIP,1
CVOL,1
jomsalva,1
FEClatam,1
UNEnvironmet,1
SDGCorporateTracker,1
PorElClimaCaldas,1
ActúaYa,1
PlanCuscatlán,1
